NAME;ZUSATZ;ORT;GEOGRAPHISCHE BREITE;GEOGRAPHISCHE LAENGE
BB-001;;Bettembourg;49.51125;6.08482
BB-002;;Bettembourg;49.51227;6.0783
BB-003;;Abweiler;49.54979;6.06963
BB-004;;Abweiler;49.54683;6.07386
BB-005;;Abweiler;49.546;6.06109
BB-006;;Abweiler;49.54552;6.06751
BB-007;;Abweiler;49.54253;6.07361
BB-008;;Abweiler;49.54044;6.06965
BB-009;;Abweiler;49.53575;6.06796
BB-010;;Abweiler;49.54342;6.08059
BB-011;;Abweiler;49.53892;6.08119
BB-012;;Abweiler;49.54358;6.08197
BB-013;;Abweiler;49.54819;6.08148
BB-014;;Abweiler;49.54795;6.08592
BB-015;;Abweiler;49.54595;6.09079
BB-016;;Bettembourg;49.53963;6.09678
BB-017;;Bettembourg;49.5369;6.09547
BB-018;;Abweiler;49.54125;6.0844
BB-019;;Bettembourg;49.5146;6.11713
BB-020;;Bettembourg;49.51707;6.11894
BB-021;;Bettembourg;49.51003;6.12407
BC-001;HIRZBUSCH;Luxembourg Land;49.7605;6.3759
BC-002;LEKEBERGERBUSCH;Luxembourg Land;49.7599;6.3724
BC-003;LEKEBERGERBUSCH;Bech;49.7581;6.3632
BC-004;LEKEBERGERBUSCH;Consdorf (G);49.7633;6.3638
BC-005;WOLPERHOF;Consdorf (G);49.7625;6.3534
BC-006;BECHER GARE;Luxembourg Land;49.7572;6.3506
BC-007;RIPPIGER MARSCHERWALD;Graulinster (Bech);49.7437;6.282
BC-008;BECHER GARE;Bech;49.7532;6.3545
BC-009;AUF DER KUHEID;Luxembourg Land;49.7614;6.3329
BC-010;IM MELECKSFELD;Rippig;49.7432;6.314
BC-011;MUEHLENBACH;Hersberg;49.7622;6.3223
BC-012;AUF DEM HEUWEG;Bech (G);49.7522;6.3453
BC-013;ZITTIGER MARSCHERWALD;Luxembourg Land;49.7483;6.2971
BC-014;IN DER ACHT;Zittig;49.7479;6.3429
BC-015;HEMSTALER MARSCHERWALD;Luxembourg Land;49.7453;6.3005
BC-016;MASBERICH;Bech (G);49.7515;6.3357
BC-017;MECHELSGRUND;Hersberg;49.7577;6.325
BC-018;AUF DER WEISLAECHEN;Luxembourg Land;49.7593;6.3164
BC-019;IM BERG;Bech (G);49.7476;6.3274
BI-001;Biischtert;Bissen;49.8213;6.0351
BI-002;Felzerdriesch;Bissen;49.8231;6.0431
BI-003;Biischtert;Bissen;49.8183;6.0387
BI-004;Biischtert;Bissen;49.8166;6.0461
BI-005;Biischtert;Bissen;49.809;6.0305
BI-006;Schielheck;Bissen;49.8011;6.0299
BI-007;H renhecken;Bissen;49.8075;6.0329
BI-008;H renhecken;Bissen;49.8105;6.041
BI-009;H renhecken;Bissen;49.8074;6.0431
BI-010;Helmesch Haff;Bissen;49.8077;6.052
BI-011;H renhecken;Bissen;49.8067;6.0615
BI-012;Steen cker;Bissen;49.8047;6.05
BI-013;Steen cker;Bissen;49.8039;6.0566
BI-014;Steen cker;Bissen;49.8042;6.0438
BI-015;Bonnert;Bissen;49.801;6.0468
BI-016;Bonnert;Bissen;49.8012;6.0389
BI-017;Fleercher Seitert;Bissen;49.7991;6.0296
BI-018;Geichb sch;Bissen;49.7978;6.0201
BI-019;Geichb sch;Bissen;49.794;6.0204
BI-020;H renhecken;Bissen;49.7909;6.0147
BI-021;Laaschtert;Bissen;49.7753;6.0601
BI-022;H renhecken;Bissen;49.7871;6.0208
BI-023;H renhecken;Bissen;49.7901;6.0228
BI-024;Laaschtert;Bissen;49.7758;6.0655
BI-025;Fleercher Seitert;Bissen;49.7943;6.0334
BI-026;Fleercher Seitert;Bissen;49.7987;6.0376
BI-027;Bonnert;Bissen;49.798;6.0422
BI-028;hanner Laaschtert;Bissen;49.7727;6.0683
BI-029;Bonnert;Bissen;49.7976;6.0527
BI-030;Bonnert;Bissen;49.7963;6.0499
BI-031;op P izen cker;Bissen;49.7905;6.0411
BI-032;H renhecken;Bissen;49.7867;6.0334
BI-033;am Kallekhaff;Bissen;49.784;6.0332
BI-034;H renhecken;Bissen;49.7832;6.0299
BI-035;H renhecken;Bissen;49.7819;6.026
BI-036;hanner Laaschtert;Bissen;49.7728;6.075
BI-037;am Viichterwee;Bissen;49.7929;6.0529
BI-038;Millen cker;Bissen;49.7965;6.0615
BI-039;Bierkebierg;Bissen;49.7944;6.0697
BI-040;an Ierwent;Bissen;49.7956;6.0766
BI-041;G iwels;Bissen;49.7921;6.0726
BI-042;a Pafent;Bissen;49.791;6.0759
BI-043;ZAC Klengbousbierg;Bissen;49.7898;6.0811
BI-044;ZAC Klengbousbierg;Bissen;49.7885;6.0834
BI-045;Rue des Sports;Bissen;49.7874;6.0859
BI-046;op dem Rouscht;Bissen;49.7802;6.079
BI-047;bei Laaschtert;Bissen;49.7804;6.0703
BI-048;op Hazen cker;Bissen;49.7816;6.061
BI-049;op Peschent;Bissen;49.781;6.0494
BI-050;Woment;Bissen;49.7814;6.0427
BI-051;bei der Tonnbaach;Bissen;49.777;6.0434
BI-052;bei der Tonnbaach;Bissen;49.7748;6.0393
BI-053;Helligewis;Bissen;49.7717;6.0429
BI-054;Gonneschw nkel;Bissen;49.7702;6.0544
BK-001;Im Daerent;Luxembourg Land;49.74855;5.85503
BK-002;Stefeschbusch;Luxembourg Land;49.74904;5.86273
BK-003;Stefeschbusch;Luxembourg Land;49.74727;5.86015
BK-004;Stefeschbusch;Luxembourg Land;49.74677;5.86984
BK-005;Kolbicherloch;Luxembourg Land;49.74586;5.84465
BK-006;Rehtgenbusch;Luxembourg Land;49.74355;5.83619
BK-007;Unter Heidbirchen;Luxembourg Land;49.74088;5.83218
BK-008;In Durgen;Luxembourg Land;49.74089;5.84222
BK-009;Bei Durgewies;Luxembourg Land;49.74207;5.84724
BK-010;Hinter der Steinkaul;Luxembourg Land;49.73689;5.83121
BK-011;Im Dickenbusch;Oberpallen;49.7286;5.82886
BK-012;Noerdingerbusch;Noerdange;49.75007;5.9269
BK-013;Noerdingerbusch;Noerdange;49.74992;5.93143
BK-014;Riedchen;Luxembourg Land;49.74607;5.93843
BK-015;Auf Groizelt;Beckerich (G);49.73118;5.86724
BK-016;In der Graecht;Beckerich (G);49.73018;5.87442
BK-017;Im Momel;Beckerich;49.72841;5.86813
BK-018;Auf der Gleicht;Beckerich;49.72757;5.88147
BK-019;Kohlenberg;Beckerich;49.72669;5.88715
BK-020;Auf Reichenacker;Beckerich;49.72179;5.87534
BK-021;Im Muelleschbour;Beckerich;49.72115;5.88585
BK-022;Heischel;Beckerich;49.72049;5.8908
BK-023;Heischel;Beckerich;49.7176;5.88693
BK-024;Heischel;Beckerich;49.71704;5.89457
BK-025;Kaasselberg;Hovelange;49.71525;5.89941
BK-026;Im Loch;Hovelange;49.71669;5.90553
BK-027;Hart;Hovelange;49.71779;5.91034
BK-028;Vischtenbusch;Schweich;49.71668;5.92584
BK-029;Nondelich;Leitrange;49.71325;5.88713
BK-030;Hart;Luxembourg Land;49.7135;5.90991
BK-031;Wiederstaellchen;Luxembourg Land;49.71252;5.91424
BK-032;In der Kiel;Schweich;49.71237;5.92204
BK-033;Nondelich;Hovelange;49.71138;5.89273
BK-034;Auf dem Ehlzknapp;Schweich;49.70815;5.92269
BK-035;Auf dem Hohberg;Kreuzerbuch;49.70612;5.9147
BL-001;Bichewald;Boulaide;49.89717;5.74205
BL-002;Felleschwald;Boulaide;49.9046;5.7467
BL-003;Schaulsmillen;Boulaide;49.91;5.76613
BL-004;Dielech;Boulaide;49.90854;5.77848
BL-005;Aschterb sch;Boulaide;49.91505;5.78407
BL-006;;Boulaide;49.91175;5.79288
BL-007;Kossels;Boulaide;49.91229;5.82381
BL-008;Alkiirch;Boulaide;49.91011;5.82865
BL-009;Laangescht;Boulaide;49.90687;5.8328
BL-010;Laangescht;Boulaide;49.90529;5.83415
BL-011;Kaaschterlach;Boulaide;49.9078;5.84959
BL-012;B rel;Boulaide;49.90149;5.85516
BL-013;Teupeltskamps;Boulaide;49.90258;5.84391
BL-014;Rommwiss;Boulaide;49.89606;5.84862
BL-015;Bichel;Boulaide;49.89668;5.83633
BL-016;Esbicht;Boulaide;49.89382;5.84037
BL-017;Gr ideb sch;Boulaide;49.89224;5.83192
BL-018;D rend;Boulaide;49.88663;5.84432
BL-019;Duelen;Boulaide;49.88042;5.82572
BL-020;Buckels;Boulaide;49.87626;5.83718
BL-021;Milbech;Boulaide;49.8722;5.83638
BL-022;;Boulaide;49.86834;5.82716
BL-023;Houf ls;Boulaide;49.87183;5.80797
BL-024;Bauscheltermillen;Boulaide;49.88086;5.79511
BL-025;In der Haemicht;Boulaide;49.88526;5.79879
BL-026;Farent;Boulaide;49.8946;5.80141
BL-027;Miltchen;Boulaide;49.89269;5.7808
BL-028;W leschbur;Boulaide;49.90899;5.84324
BL-029;Baastn cherb sch;Boulaide;49.9076;5.75619
BL-030;Holsber;Boulaide;49.88746;5.83379
BL-031;Wuremt;Boulaide;49.87123;5.81644
BL-032;Gaesbech;Boulaide;49.8758;5.78384
BL-033;Om Saedeltgen;Boulaide;49.88712;5.77478
BL-034;Im hohlen Weg;Boulaide;49.88958;5.75755
BL-035;Im Bichewald;Boulaide;49.90275;5.7434
BT-001;Houscht;Bertrange;49.60968;6.02405
BT-002;Heed;Bertrange;49.60741;6.0144
BT-003;Juegdbuud;Bertrange;49.59144;6.01703
BT-004;Gielebierg;Bertrange;49.58447;6.01857
BT-005;Enneschte Besch;Bertrange;49.58863;6.03562
BT-006;Enneschte Besch;Grevelsbarriere (Bertrange);49.59135;6.04485
BT-007;Enneschte Besch;Bertrange;49.58658;6.041
BT-008;Beim Vullenhaischen;Grevels (Ferme de) (Bertrange);49.58886;6.05004
BT-009;Parking Fit am Enneschte Besch;Bertrange;49.59171;6.05838
BT-010;Leudelange-Gare;Bertrange;49.58867;6.05969
BT-011;Enneschte Besch;Bertrange;49.59246;6.07113
BT-012;Enneschte Besch;Bertrange;49.59955;6.07396
BW-001;Hoombierg;Biwer;49.7189;6.3642
BW-002;Stengegewee;Biwer;49.7162;6.3714
BW-003;Berbourgerbesch;Luxembourg Land;49.7249;6.3898
BW-004;Seifen / hennescht Breinert;Breinert;49.7093;6.3307
BW-005;Wakelter;Biwer;49.707;6.3585
BW-006;Onner;Luxembourg Land;49.6855;6.3863
BZ-001;Riederbesch;Roodt-sur-Syre;49.6661;6.2959
BZ-002;Riederbesch;Roodt-sur-Syre;49.67;6.2881
BZ-003;Bierger Groussebesch;Berg (Betzdorf);49.6785;6.3582
BZ-004;Kiem;Olingen;49.6776;6.293
BZ-005;Haard;Rodenbourg;49.6839;6.2825
BZ-006;Kuesselt;Rodenbourg;49.682;6.2723
BZ-007;Leinbesch;Rodenbourg;49.6866;6.2754
BZ-008;Gehaansriech;Ernster;49.6847;6.2608
BZ-009;Stackbesch;Olingen;49.6964;6.3061
BZ-010;Katzerbesch;Betzdorf;49.6971;6.3369
BZ-011;Junkerbesch;Betzdorf;49.6986;6.3415
BZ-012;Solwerwiss;Berg (Betzdorf);49.6867;6.3758
Baamwuerzel;;Roodt-sur-Syre;49.6651;6.2923
Beim Maria (Leiffrachen);;Roodt-sur-Syre;49.6664;6.2953
Bullimonster;;Roodt-sur-Syre;49.665;6.2929
DA-001;Faascht;Ersange;49.5705;6.2614
DA-002;Buchholz;Luxembourg Land;49.5574;6.2515
DA-003;Buchholz;Luxembourg Land;49.5575;6.2511
DA-004;Buchholz;Dalheim;49.5562;6.2428
DA-005;B schtr f;Hassel;49.5514;6.2297
DA-006;Buchholz;Dalheim;49.5524;6.2521
DA-007;Buchholz;Dalheim;49.5563;6.2633
DA-008;Hunneb sch;Dalheim;49.5528;6.2691
DA-009;Gemengeb sch;Luxembourg Land;49.5453;6.2688
DA-010;Stengenerb sch;Dalheim;49.5359;6.2765
DA-011;Rieder;Welfrange;49.5306;6.284
DA-012;Buergb sch;Welfrange;49.5369;6.293
DA-013;Op der Ho;Welfrange;49.5456;6.293
DA-014;Krounebiergerb sch;Rolling (Bous);49.5493;6.2968
DA-015;Ierpeld ngerb sch;Rolling (Bous);49.5457;6.3038
DA-016;Ierpeld ngerb sch;Rolling (Bous);49.5429;6.307
DA-017;Scheierdellen;Erpeldange (Bous);49.5333;6.3328
DA-018;Scheierdellen;Erpeldange (Bous);49.536;6.3356
DA-019;Briedem sser B sch;Stadtbredimus;49.5743;6.3456
DA-020;Buusserb sch;Bous;49.5673;6.3267
DA-021;Buusserb sch;Bous;49.5669;6.3202
DA-022;Roul nger B sch;Bous;49.5665;6.3137
DA-023;Heesberhaff;Bous;49.5725;6.3067
DA-024;Kuesselt;Roedt;49.5725;6.2899
DA-025;Schack;Ersange;49.5812;6.2852
DA-026;Kr ischelb sch;Ersange;49.5853;6.2898
DA-027;Faascht;Luxembourg Land;49.5683;6.2548
DK-001;JUNGEBUSCH;Mouschbierg;49.84185;6.15184
DK-002;UNTER AASLOCH;Mouschbierg;49.84955;6.14874
DK-003;HART;Diekirch;49.84185;6.15218
DK-004;SEITERT;Diekirch;49.87732;6.13905
DK-005;SEITERT;Diekirch;49.87561;6.14901
DK-006;FRIEDBUSCH;Luxembourg Land;49.87742;6.12594
DK-007;FRIEDBUSCH;Erpeldange-sur-Sure;49.88288;6.13073
DK-008;FRIEDBUSCH;Diekirch (G);49.87986;6.11855
DK-009;FRIEDBUSCH;Diekirch (G);49.88719;6.12068
DK-010;FRIEDBUSCH;Diekirch (G);49.88913;6.1324
DK-011;FRIEDBUSCH;Diekirch (G);49.89281;6.12793
DK-012;HAGELDOERNER;Luxembourg Land;49.89621;6.13238
DK-013;FRIEDBUSCH;Luxembourg Land;49.89248;6.13403
DK-014;HAGELDOERNER;Luxembourg Land;49.89367;6.14006
DP-001;;Dippach;49.58581;6.00261
DP-002;Ierwenhecken;Schouweiler;49.58291;5.9404
DP-003;Schullerbesch;Schouweiler;49.59027;5.94643
DP-004;Schullerbesch;Schouweiler;49.59145;5.94007
DP-005;Schullerbesch;Schouweiler;49.59553;5.9415
DP-006;Gemengebesch;Dippach;49.59887;5.96876
DP-007;Gemengebesch;Dippach;49.59663;5.97314
DP-008;Golbesch;Dippach;49.59424;5.98013
DP-009;Gemengebesch;Dippach;49.59891;5.9818
DP-010;Halz;Dippach;49.60001;5.98752
DP-011;Halz;Dippach;49.59733;5.98791
DP-012;Halz;Dippach;49.60136;5.99032
DP-013;Dippecherbesch;Dippach;49.59573;5.99049
DP-014;Dippecherbesch;Dippach;49.59871;5.99281
DP-015;Dippecherbesch;Dippach;49.59674;5.9965
DP-016;Dippecherbesch;Dippach;49.6032;6.00255
DP-017;Mamer R ttchen;Dippach;49.60416;6.0064
DP-018;Sank;Dippach;49.60397;5.99489
DP-019;Sch ck;Dippach;49.60849;5.99979
DP-020;Mamer R ttchen;Dippach;49.60702;6.00228
DP-021;Hoen;Luxembourg Land;49.58621;6.00907
DP-022;Hoen;Dippach;49.58139;6.01423
DP-023;Haard;Dippach-Gare;49.58008;6.00115
DP-024;Wald;Sprinkange;49.56908;5.95815
Dinoplaatz;;Roodt-sur-Syre;49.6659;6.2922
Draacheplaatz;;Roodt-sur-Syre;49.6657;6.294
EA-001;Langs den Heinzeberg;Esch-sur-Alzette;49.46975;5.9768
EA-002;Im Krautemesgrund;Esch-sur-Alzette;49.46926;5.98185
EA-003;Delsterbuesch;Esch-sur-Alzette;49.46824;5.97487
EA-004;Delsterbuesch;Esch-sur-Alzette;49.46197;5.97875
EA-005;Im Schlossbuesch;Esch-sur-Alzette;49.46492;5.98296
EA-006;Im Schlossbuesch;Esch-sur-Alzette;49.46826;5.99039
EA-007;Auf der Kleinen Heidchen;Esch-sur-Alzette;49.4715;5.99562
EA-008;Im Holzenberg;Esch-sur-Alzette;49.47585;5.98951
EA-009;Auf der Gleicht;Esch-sur-Alzette;49.47747;5.99384
EA-010;Auf der Berk;Esch-sur-Alzette;49.48107;5.99187
EA-011;Im Schoessergruendchen;Esch-sur-Alzette;49.47829;5.98692
EA-012;Auf dem Galgenberg;Esch-sur-Alzette;49.48344;5.98603
EA-013;Auf dem Diesweg;Esch-sur-Alzette;49.48806;5.98557
EA-014;Laengs dem Galgenberg;Esch-sur-Alzette;49.48802;5.98839
EA-015;Auf dem Leisenberg;Esch-sur-Alzette;49.48792;5.99286
EA-016;Im Holzemesgrund;Esch-sur-Alzette;49.48411;5.9967
EA-017;Auf Eilendigerberg;Esch-sur-Alzette;49.48646;6.00322
EA-018;Rue du Stade;Esch-sur-Alzette;49.49088;5.98954
EA-019;Laengs dem Galgenberg;Esch-sur-Alzette;49.48433;5.98148
EA-020;Langs den Heinzeberg;Esch-sur-Alzette;49.47631;5.97999
EL-001;Hoscht;Luxembourg Land;49.753;5.85131
EL-002;Gemengebusch;Luxembourg Land;49.75398;5.85626
EL-003;Im Gesengels;Ell;49.74743;5.84877
EL-004;Grendelheck;Luxembourg Land;49.7472;5.8365
EL-005;Arenshau;Ell;49.7598;5.8609
EL-006;Groswies;Ell;49.7545;5.8514
EL-007;Beim Rommelsbuesch;Ell;49.7583;5.8488
EL-008;Rommelsbuesch;Ell (G);49.7536;5.8447
EL-009;Fondation Emile Mayrisch;Colpach-Bas;49.7602;5.8265
EL-010;Hasenheck;Colpach-Bas;49.7552;5.8178
EL-011;Beim Gaeschtenbuesch;Ell;49.768;5.8372
EL-012;Heizenberg;Ell;49.7649;5.833
EL-013;Goeldendaerchen;Ell (G);49.7637;5.8303
EL-014;Auf Kohn;Ell;49.7758;5.8433
EL-015;Unter Kohn;Ell;49.7746;5.8351
EL-016;Bei der Zinsheck;Colpach-Haut;49.7762;5.8238
EL-017;In der Jenkenwies;Petit-Nobressart;49.7791;5.8149
EL-018;Im Reischelt;Colpach-Haut;49.7715;5.8078
EL-019;In der Houscht;Lannen;49.7844;5.8348
EL-020;In der Houscht;Ell (G);49.7844;5.8284
EL-021;Unterste Buesch;Ell (G);49.7872;5.8244
EL-022;In der Kropenheck;Ell (G);49.781;5.8228
EL-023;Entgenbour;Ell (G);49.7865;5.8161
EL-024;Schleifknapp;Petit-Nobressart;49.7856;5.8116
EL-025;Maulusberg;Petit-Nobressart;49.7834;5.8083
EL-026;In der Elchert;Roodt (Lannen);49.7913;5.8106
EL-027;In der Renn;Luxembourg Land;49.7954;5.8095
EL-028;Auf der Deisel;Roodt (Lannen);49.8005;5.8176
EL-029;Gemengenberg;Roodt (Lannen);49.8028;5.8109
EL-030;Bouscht;Luxembourg Land;49.8144;5.8268
EL-031;Weischbour;Luxembourg Land;49.8069;5.8213
EL-032;In der Rennbach;Luxembourg Land;49.812;5.8138
ES-001;Sauerbierg;Neihaff (Insenborn);49.89357;5.85151
ES-002;Hanner dem Wald;Neihaff (Insenborn);49.89485;5.86034
ES-003;Waldflass;Neihaff (Insenborn);49.89613;5.86715
ES-004;Fuussefeld;Insenborn;49.89957;5.86778
ES-005;Frounbierg;Bonnal;49.90318;5.88396
ES-006;Driicht;Lultzhausen;49.90956;5.8893
ES-007;ale Kamp;Lultzhausen;49.90483;5.90445
ES-008;Eschduerferbierg;Eschdorf;49.90087;5.9103
ES-009;am Groussebesch;Esch-sur-Sure;49.91415;5.93748
ES-010;Burschenterbesch;Esch-sur-Sure;49.90496;5.93842
ES-011;enneschte Rank;Heiderscheidergrund;49.90719;5.94798
ES-012;In Petzbich;Heiderscheidergrund;49.8953;5.94163
ES-013;Pelleschbesch;Heiderscheidergrund;49.90204;5.95708
ES-014;Keckelswald;Heiderscheidergrund;49.90108;5.97175
ES-015;Bocksbierg;Heiderscheidergrund;49.90635;5.97545
ES-016;Frehnberg;Tadler;49.90397;6.00175
ES-017;Renzenbach;Ringel;49.91584;6.02019
ES-018;Waaschterflass;Fuusswiss;49.87202;5.99102
ES-019;Beschent;Heiderscheid;49.88026;5.9693
ES-020;Dellersteg;Merscheid (Eschdorf);49.86639;5.961
ES-021;Mechelratt;Hierheck;49.88008;5.91217
ES-022;Kalberground;Eschdorf;49.88693;5.90193
ES-023;Grondmillen;Eschdorf;49.89128;5.90017
ES-024;Schemels;Insenborn;49.88833;5.88657
ES-025;Burfelt (Plage);Burfelt;49.90056;5.85894
ES-026;Frounbierg (Plage);Bonnal;49.90652;5.88668
ES-027;Gruewen;Tadler;49.91016;5.98875
ES-028;Jentgeslee;Heiderscheidergrund;49.90805;5.97576
FI-001;HUEHNERKNAEPPCHEN;Luxembourg Land;49.72225;6.1844
FI-002;STUPPICHT;Fischbach (G);49.72465;6.1903
FI-003;PLANKENBERG;Plankenhaff;49.72974;6.18565
FI-004;BAUMBUESCH;Fischbach (G);49.72963;6.19566
FI-005;WERKGART;Koedange;49.73679;6.20313
FI-006;WERKGART;Koedange;49.73902;6.20618
FI-007;KRAECHEL;Koedange;49.73309;6.21196
FI-008;BEI DER NEUEN SCHMELTZ;Luxembourg Land;49.7499;6.2074
FI-009;RAEDCHEN;Koedange;49.7389;6.21258
FI-010;WALD;Luxembourg Land;49.74467;6.21663
FI-011;GRAUEBESCH;Fischbach (G);49.73856;6.19364
FI-012;GRAUEBESCH;Fischbach (G);49.74036;6.18635
FI-013;GRAUEBESCH;Fischbach (Mersch);49.74296;6.19253
FI-014;SCHMELZ;Fischbach (G);49.74158;6.18151
FI-015;BOCKELESCHT;Fischbach (G);49.73998;6.17678
FI-016;BOCKELESCHT;Fischbach (G);49.74412;6.18485
FI-017;DREI BAEUMERFELD;Schoos;49.7476;6.17269
FI-018;DAEBECHT;Fischbach (G);49.74946;6.18027
FI-019;SEITERT;Schoos;49.74937;6.16413
FI-020;SEITERT;Luxembourg Land;49.74576;6.15835
FI-021;IN BRILLSCHET;Schoos;49.75687;6.17734
FI-022;LAEWEND;Angelsberg;49.75573;6.1591
FI-023;MITTELWIES;Angelsberg;49.76003;6.15893
FI-024;HOIRGARTEN;Schoos;49.75164;6.17163
FI-025;SEITERT;Fischbach (Mersch);49.75368;6.1885
FI-026;SEITERT;Fischbach (Mersch);49.75986;6.18647
FI-027;SCHENNER;Luxembourg Land;49.74604;6.20641
FI-028;BEI DER SCHAEFEREI;Luxembourg Land;49.75087;6.20574
FI-029;PAFFENWIES;Luxembourg Land;49.7549;6.20753
FL-001;Haard;Flaxweiler;49.6725;6.3493
FL-002;Rangels;Flaxweiler;49.6653;6.3539
FL-003;ieweschte Messel;Flaxweiler;49.6561;6.3625
FL-004;Groussebesch;Flaxweiler;49.6555;6.3745
FL-005;Groussebesch;Flaxweiler;49.6523;6.3904
FL-006;Groussebesch;Flaxweiler;49.6503;6.3679
FL-007;Spettelbesch;Flaxweiler;49.6484;6.3418
FL-008;Deifebaacherbesch;Flaxweiler;49.6486;6.3369
FL-009;Widdebierg;Flaxweiler;49.6556;6.3342
FL-010;Widdebierg;Flaxweiler;49.6651;6.3249
FL-011;Widdebierg;Mensdorf;49.6581;6.3204
FL-012;Widdebierg;Mensdorf;49.6496;6.3198
FL-013;Schweeschebaacherbesch;Mensdorf;49.6459;6.2912
FL-014;Wattholz;Mensdorf;49.6511;6.2839
FL-015;Kuelesbaacherbesch;Mensdorf;49.6625;6.2914
FR-001;Jongeb sch;Frisange;49.52992;6.20691
FR-002;Moschelsgrond;Frisange;49.51603;6.23443
FR-003;Schiechtert;Frisange;49.51065;6.21994
FR-004;Ieweschteb sch;Frisange;49.52387;6.17435
FR-005;Grouss Jen serb sch;Frisange;49.49438;6.14407
Frascheplaatz;;Roodt-sur-Syre;49.6648;6.2934
GB-001;Um Feelener Wee;Dellen;49.85318;5.97057
GB-002;Tillsbierg;Dellen;49.8642;5.95977
GB-003;Um Bierg;Luxembourg Land;49.86831;5.94575
GB-004;A Kaalber;Dellen;49.85412;5.96074
GB-005;Alebesch;Grosbous;49.84612;5.96208
GB-006;op der J in;Grosbous;49.84364;5.96754
GB-007;Gebranntebesch;Grosbous;49.83663;5.97102
GB-008;Seitert;Luxembourg Land;49.81638;5.97906
GB-009;Seitert;Grosbous;49.81316;5.96261
GB-010;Boschent;Luxembourg Land;49.82851;5.94834
GB-011;Froen;Grosbous-Wahl (G);49.8436;5.92818
GB-012;Hehrel;Grosbous;49.84558;5.93489
GB-013;Auf der Neuwies;Grosbous-Wahl (G);49.8386;5.94539
GB-014;Auf der Neuwies;Grosbous-Wahl (G);49.84343;5.94404
GB-015;Op Hunnebruch;Grosbous;49.85728;5.92486
GB-016;A Renkeschdall;Lehrhaff;49.85373;5.94859
GB-017;A Renkeschdall;Grosbous;49.84938;5.94619
GB-018;Birkebesch;Grosbous;49.84328;5.95258
GB-019;Alebesch;Grosbous;49.8475;5.95115
GB-020;Alebesch;Grosbous;49.84963;5.95443
GB-021;Alebesch;Grosbous;49.84054;5.96073
GB-022;Birkeb sch;Grosbous;49.84052;5.95573
GB-023;Bei der Neimillen;Grosbous;49.83509;5.95655
GM-001;Betzder Groussebesch;Flaxweiler;49.6651;6.3634
GM-002;Burgewan;Buchholz (Flaxweiler);49.6666;6.3745
GM-003;Bierger Groussebesch;Luxembourg Land;49.6703;6.3763
GM-004;Honsreck;Oberdonven;49.6549;6.3953
GM-005;Houwald;Luxembourg Land;49.6621;6.4092
GM-006;Deisermillen;Luxembourg Land;49.665;6.4249
GM-007;Longkaul;Grevenmacher;49.6705;6.4244
GM-008;Gruussfooscht;Grevenmacher;49.6803;6.4314
GM-009;Haard;Grevenmacher;49.688;6.4265
GM-010;Haard;Luxembourg Land;49.6848;6.4172
GM-011;Grouss Teschebaacherdraf;Grevenmacher (G);49.6819;6.4066
GM-012;Houwald;Potaschberg;49.6732;6.3929
Gallierduerf;;Roodt-sur-Syre;49.6639;6.292
Grouss Stammplaatz;;Roodt-sur-Syre;49.6643;6.2871
HA-001;Koenigsberg;Luxembourg Land;49.67633;5.90195
HA-002;Ruebenberg;Luxembourg Land;49.67748;5.90149
HA-003;Unter dem Heuweg;Luxembourg Land;49.67717;5.88773
HA-004;Eichels;Eischen;49.67221;5.88283
HA-005;Auf der Burg;Eischen;49.67925;5.86924
HA-006;Oben der Kapelle;Eischen;49.68688;5.86449
HA-007;Unter der Hart;Habscht (G);49.69146;5.87524
HA-008;Rue de la Gaichel;Gaichel;49.69395;5.87049
HA-009;Kindel;Luxembourg Land;49.69563;5.86196
HA-010;Fischber;Habscht (G);49.69657;5.87036
HA-011;Grosse Busch;Eischen;49.69694;5.88248
HA-012;Grosse Busch;Habscht (G);49.70137;5.88484
HA-013;Grosse Busch;Habscht (G);49.6962;5.89377
HA-014;Kollesacht;Habscht (G);49.69308;5.89881
HA-015;Floedenberg;Habscht (G);49.69763;5.90343
HA-016;Grosse Busch;Habscht (G);49.70872;5.88778
HA-017;Langengrund;Habscht (G);49.70474;5.89603
HA-018;In der Zengel;Habscht (G);49.70334;5.90202
HA-019;Miltgenknapp;Kreuzerbuch;49.70726;5.90158
HA-020;Langengrund;Luxembourg Land;49.70762;5.90939
HA-021;In den Pillen;Luxembourg Land;49.70333;5.91336
HA-022;Wasserbach;Luxembourg Land;49.70238;5.92763
HA-023;Jonghoulz;Luxembourg Land;49.70111;5.93559
HA-024;Bafelt;Hobscheid;49.68842;5.9375
HA-025;Bafelt;Luxembourg Land;49.67991;5.93377
HA-026;Heckenhaff;Luxembourg Land;49.68939;5.94589
HA-027;Welleschleid;Luxembourg Land;49.69224;5.94765
HA-028;Arelergronn;Luxembourg Land;49.70128;5.9588
HA-029;Buchels;Septfontaines;49.69641;5.96707
HA-030;Buchels;Septfontaines;49.69597;5.97215
HA-031;Buchels;Habscht (G);49.70025;5.98013
HA-032;Simmerschmelz;Luxembourg Land;49.69435;5.98524
HA-033;Graischer Griecht;Habscht (G);49.70912;5.98183
HA-034;an der Leisbech;Greisch;49.709;5.99396
HA-035;Kreckelsberg;Roodt (Septfontaines);49.69747;6.00029
HA-036;Deckt;Roodt (Septfontaines);49.69413;6.01502
HE-001;IN DEN HOIRWEIDEN;Heffingen;49.76645;6.25809
HE-002;TRAEUSCH;Heffingen;49.74791;6.2311
HE-003;SEITERT;Heffingen;49.7575;6.23139
HE-004;TINNESAEL;Heffingen;49.76197;6.22547
HE-005;AUF DER ERNZ;Heffingen;49.76564;6.22894
HE-006;BEI DER MUEHLE;Heffingen;49.76803;6.23
HE-007;MUEHLSCHENT;Heffingen;49.77108;6.22783
HE-008;DEISCHTERE BUSCH;Heffingen;49.77699;6.22516
HE-009;FEIPERLEY;Heffingen;49.77944;6.22318
HK-001;In der Schock;Brouch (Boevange sur Attert);49.73308;6.01921
HK-002;In der Schock;Luxembourg Land;49.7298;6.00887
HK-003;Haeleschter;Tuntange;49.72879;6.01259
HK-004;In den Bruecherloecher;Helperknapp (G);49.72837;6.01899
HK-005;IN DER SCHLEID;Tuntange;49.7268;6.0042
HK-006;GEISPELTERKNOPF;Buschdorf;49.7439;6.0038
HK-007;AUF BELBURG;Buschdorf;49.7453;5.9922
HK-008;BEI DER SEITERT;Luxembourg Land;49.7549;5.99
HK-009;IN RUNDELT;Boevange-sur-Attert;49.7708;5.9996
HK-010;AUF DEM SCHANDELERWEG;Boevange-sur-Attert;49.7802;6.0004
HK-011;IM SCHEUERGRUND;Boevange-sur-Attert;49.7863;6.0124
HK-012;WALD;Boevange-sur-Attert;49.7733;6.0262
HK-013;WALD;Helperknapp (G);49.7695;6.0264
HK-014;HELPERICH;Bill;49.7624;6.0385
HK-015;AUF HELPERKNOPF;Helperknapp (G);49.7584;6.0258
HK-016;AUF HELPERKNOPF;Helperknapp (G);49.7567;6.0274
HK-017;IM FINSTERTHAL;Helperknapp (G);49.756;6.0322
HK-018;JUNGENBUSCH;Luxembourg Land;49.7515;6.0373
HK-019;REITER;Helperknapp (G);49.7531;6.0275
HK-020;REITER;Helperknapp (G);49.7518;6.0186
HK-021;IN DER KAHNDELBACH;Openthalt;49.747;6.0281
HK-022;BROUCHERKNAEPPCHEN;Brouch (Boevange sur Attert);49.743;6.0226
HK-023;KOENIGSKNAPP;Brouch (Boevange sur Attert);49.7374;6.0389
HK-024;IN BRAEDSCHENT;Brouch (Boevange sur Attert);49.7331;6.0354
HK-025;SENGELS;Brouch (Boevange sur Attert);49.7313;6.0389
HK-026;AUF DUOLEM;Tuntange;49.7239;6.0243
HK-027;SENGELS;Tuntange;49.7281;6.0359
HK-028;AUF SINGELS;Tuntange;49.7284;6.0446
HK-029;AUF SINGELS;Tuntange;49.7246;6.0467
HK-030;LASCHTERT;Tuntange;49.7195;6.0469
HK-031;BEI DEN ESPEN;Tuntange;49.7214;6.0367
HK-032;IM MUEHLENGRUENDCHEN;Hollenfels;49.7222;6.0565
HK-033;BEI DER OUCHTEWIES;Hollenfels;49.7155;6.061
HK-034;BOURGGROIF;Claushaff (Marienthal);49.7141;6.069
HK-035;BOURGGROIF;Hollenfels;49.7136;6.0586
HK-036;ROEBBEN;Mariendallerhaff;49.7108;6.0567
HK-037;IN MOSCHELT;Hollenfels;49.7052;6.0462
HK-038;FOLLEMERSTUECK;Tuntange;49.7068;6.0195
HK-039;AUF DER BICHEL;Tuntange;49.7074;6.0131
HK-040;BOUR;Bour;49.7023;6.0175
HK-041;AUF DEM HOELTZERBERG;Tuntange;49.7022;6.0057
HP-001;Jungholz;Hesperange;49.55336;6.18295
HP-002;Auf der Heid;Hesperange;49.56309;6.19455
HP-003;Am Pesch;Hesperange;49.56425;6.18659
HP-004;Auf den Hoechten;Hesperange;49.57178;6.19472
HP-005;Bringels;Hesperange;49.57237;6.18732
HP-006;Ronnebusch;Hesperange;49.5704;6.18037
HP-007;Auf Holleschberg;Hesperange;49.57604;6.15595
HP-008;Hoechtenbusch;Hesperange;49.57778;6.18776
HP-009;Gemeinen Beischent;Hesperange;49.58401;6.17924
HP-010;Etschent;Hesperange;49.58741;6.1624
HP-011;Remeschbach;Hesperange;49.5896;6.19146
HP-012;Am Hirkiemert;Hesperange;49.59318;6.19882
HP-013;Krewinkel;Hesperange;49.59268;6.18637
HP-014;Auf der Suwelskopp;Hesperange;49.59469;6.17406
HP-015;Am Hirkiemert;Hesperange;49.59912;6.19577
HP-016;Schackent;Hesperange;49.59954;6.17354
HP-017;Freibusch;Hesperange;49.60478;6.18382
HP-018;Turbelsfels;Hesperange;49.60524;6.17306
HP-019;Auf der Oilzicht;Hesperange;49.6056;6.16999
HP-020;Buchholz;Hesperange;49.60144;6.16412
HP-021;Buchholz;Hesperange;49.59896;6.16266
HP-022;Buchholz;Hesperange;49.59324;6.16583
HP-023;Buchholz;Hesperange;49.58951;6.16061
HP-024;Im Gestaendt;Hesperange;49.58483;6.15553
HP-025;Buchholz;Hesperange;49.58226;6.14984
HP-026;Sangenberg;Hesperange;49.58184;6.14936
HP-027;In der Schleid;Hesperange;49.58232;6.1398
HP-028;In der Schleid;Hesperange;49.58089;6.13984
HP-029;In der Schleid;Hesperange;49.57894;6.14106
HP-030;Gestaids;Hesperange;49.5782;6.1468
HP-031;In der Schleid;Hesperange;49.57701;6.14028
HP-032;In der Schleid;Hesperange;49.57618;6.14474
HP-033;Im Paeferbusch;Hesperange;49.57464;6.13459
HP-034;Drosbach;Hesperange;49.57532;6.14809
HP-035;In der Schleid;Hesperange;49.57627;6.14836
HP-036;In der Schleid;Hesperange;49.57767;6.15172
HP-037;Im Grund;Hesperange;49.56944;6.14278
HP-038;Im Grund;Hesperange;49.56887;6.13234
HP-039;Fennerholz;Hesperange;49.56463;6.13743
HP-040;Fennerholz;Hesperange;49.56054;6.13189
JU-001;Ielzert;Eisenborn;49.68704;6.21445
JU-002;Ielzert;Junglinster (G);49.6893;6.2221
JU-003;Buchh lz;Imbringen;49.697;6.1973
JU-004;D iwendall;Eisenborn;49.6844;6.1833
JU-005;Entert;Eisenborn;49.6907;6.1855
JU-006;Entersbierg;Eisenborn;49.6887;6.1935
JU-007;H ngerjuck;Imbringen;49.6959;6.2014
JU-008;Buchh lz;Bourglinster;49.7024;6.2084
JU-009;Buchh lz;Bourglinster;49.7025;6.2152
JU-010;Gonner ngerwee;Junglinster (G);49.7016;6.2232
JU-011;Eechh lz;Bourglinster;49.7068;6.2266
JU-012;Bierger;Altlinster;49.7199;6.2263
JU-013;Schleifmillen;Altlinster;49.7283;6.2199
JU-014;Schiltzbierg;Luxembourg Land;49.7373;6.2215
JU-015;Schiltzbierg;Godbrange;49.7392;6.2231
JU-016;Koon;Luxembourg Land;49.7456;6.229
JU-017;Houbierg;Reuland;49.7467;6.2482
JU-018;Schw ib sch;Luxembourg Land;49.7388;6.2345
JU-019;Kiert;Luxembourg Land;49.7466;6.2652
JU-020;Azingen;Belenhaff;49.7294;6.2553
JU-021;Wakelterbierg;Junglinster (G);49.7359;6.2759
JU-022;Uecht;Beidweiler;49.7307;6.2985
JU-023;Faascht;Junglinster (G);49.7335;6.2973
JU-024;Faascht;Beidweiler;49.7341;6.287
JU-025;h nneschten Uewerb sch;Junglinster (G);49.7112;6.2871
JU-026;B schkierfecht;Eschweiler (Junglinster);49.7048;6.2884
JU-027;D ckt;Junglinster (G);49.7066;6.3006
JU-028;Peipelsbierg;Junglinster;49.7081;6.2648
JU-029;Eechh lzsbierg;Gonderange;49.6987;6.2398
JU-030;Buchlach / Eechh lz;Junglinster;49.7058;6.2367
JU-031;W llberech;Junglinster;49.7104;6.2334
JU-032;Kriipseweier;Luxembourg Land;49.6856;6.2276
KE-001;Breiberg;Luxembourg Land;49.69339;5.992
KE-002;Breiberg;Luxembourg Land;49.69052;5.99006
KE-003;In Kosselt;Meispelt;49.69542;6.05715
KE-004;In Kosselt;Keispelt;49.69595;6.06628
KE-005;Nonnenwald;Durenthal;49.69698;6.08436
KE-006;Nonnenwald;Keispelt;49.69356;6.07803
KE-007;Grose Busch;Meispelt;49.68976;6.04478
KE-008;In der Oisbach;Nospelt;49.68496;6.02153
KE-009;Schleid;Kehlen (G);49.68541;6.03174
KE-010;Grose Busch;Kehlen (G);49.68632;6.04049
KE-011;Hohbuch;Keispelt;49.68564;6.06528
KE-012;Maulupsgruendchen;Luxembourg Land;49.68841;6.08229
KE-013;In der Azing;Nospelt;49.67982;6.02214
KE-014;Im Wald;Kehlen (G);49.68142;6.06425
KE-015;Im Wald;Keispelt;49.68352;6.08004
KE-016;Unten auf Hassel;Keispelt;49.68071;6.07502
KE-017;Im Wald;Luxembourg Land;49.67743;6.07592
KE-018;In Wolkert;Kehlen (G);49.66759;5.99691
KE-019;Angelescht;Luxembourg Land;49.66529;6.04838
KE-020;Emerich;Kehlen;49.66057;6.04429
KE-021;Zwischen dem Busch;Luxembourg Land;49.66289;6.04931
KE-022;Sengsberich;Olm;49.65315;6.00042
KE-023;Ehlbusch;Kehlen;49.66457;6.0223
KE-024;Brameschbusch;Kehlen;49.65692;6.05284
KE-025;Brameschberg;Luxembourg Land;49.65385;6.05996
KE-026;In Brichel;Luxembourg Land;49.6534;6.04695
KE-027;Zentestall;Luxembourg Land;49.67204;6.05507
KJ-001;Rommeb sch;Bascharage;49.61637;5.88399
KJ-002;Rommeb sch;Luxembourg Land;49.62054;5.89036
KJ-003;Fuussel cher;Luxembourg Land;49.62295;5.89286
KJ-004;Rommeb sch;Bascharage;49.62146;5.88316
KJ-005;S iften;Bascharage;49.62334;5.88146
KJ-006;S iften;Bascharage;49.62454;5.88799
KJ-007;Fuussel cher;Bascharage;49.62444;5.89937
KJ-008;Sch ckelscheier;Bascharage;49.62107;5.90067
KJ-009;Sch ckelscheier;Bascharage;49.61763;5.89311
KJ-010;Groheck;Fingig;49.61197;5.89583
KJ-011;Weierheck;Fingig;49.61045;5.90138
KJ-012;Weierheck;Fingig;49.60746;5.90735
KJ-013;Flassbrichheck;Clemency;49.60429;5.88156
KJ-014;Kr ibierg;Clemency;49.60169;5.88675
KJ-015;Jongeb sch;Clemency;49.58869;5.87621
KJ-016;Jongeb sch;Clemency;49.58322;5.87365
KJ-017;Jongeb sch;Bascharage;49.58177;5.87957
KJ-018;Jongeb sch;Bascharage;49.57855;5.87437
KJ-019;Jongeb sch;Linger;49.57644;5.87686
KJ-020;Jongeb sch;Linger;49.57642;5.87438
KJ-021;Hierschtbierg;Linger;49.572;5.87566
KJ-022;Jongeb sch;Linger;49.57274;5.87978
KJ-023;Seitert;Linger;49.57385;5.8835
KJ-024;Seitert;Bascharage;49.57552;5.88672
KJ-025;Jongeb sch;Bascharage;49.57911;5.88253
KJ-026;Lamerbierg;Kaerjeng (G);49.57923;5.88912
KJ-027;Lamerbierg;Bascharage;49.58199;5.89365
KJ-028;Lamerbierg;Bascharage;49.58465;5.89788
KJ-029;Lamerbierg;Bascharage;49.58306;5.90034
KJ-030;Lamerbierg;Bascharage;49.58753;5.90255
KJ-031;Lamerbierg;Bascharage;49.58982;5.90247
KJ-032;Lamerbierg;Bascharage;49.58966;5.90652
KJ-033;Bob sch;Bascharage;49.55773;5.92002
KJ-034;Bob sch;Bascharage;49.55708;5.91546
KJ-035;Bob sch;Bascharage;49.55609;5.91193
KJ-036;Bob sch;Bascharage;49.55574;5.91493
KJ-037;Bob sch;Bascharage;49.55567;5.92034
KJ-038;Bob sch;Bascharage;49.55565;5.92479
KJ-039;Z merb sch;Bascharage;49.55705;5.92629
KJ-040;Z merb sch;Bascharage;49.55876;5.93157
KJ-041;Wald;Bascharage;49.56276;5.94381
KJ-042;Wald;Bascharage;49.56711;5.95278
KO-001;MOESBERG;Luxembourg Land;49.67375;6.06471
KO-002;MOESBERG;Luxembourg Land;49.67339;6.07776
KO-003;AESCHKNAEPPCHEN;Luxembourg Land;49.66942;6.06271
KO-004;WUDERTAL;Kopstal;49.67127;6.08739
KO-005;AESCHKNAEPPCHEN;Luxembourg Land;49.66658;6.05907
KO-006;MOESBERG;Kopstal;49.6663;6.06872
KO-007;WUDERTAL;Kopstal;49.66871;6.07975
KO-008;MARTBUSCH;Kehlen;49.66815;6.09344
KO-009;WUDERTAL;Kopstal;49.66576;6.07727
KO-010;BUCHENBUSCH;Luxembourg Land;49.6605;6.06077
KO-011;ROTHWIESEN;Bridel;49.65886;6.10196
KR-001;H reb sch;Luxembourg Land;49.6907;5.9659
KR-002;H reb sch;Luxembourg Land;49.6878;5.9693
KR-003;H reb sch;Luxembourg Land;49.685;5.9617
KR-004;H reb sch;Luxembourg Land;49.6855;5.9526
KR-005;Lauterbur;Luxembourg Land;49.6828;5.9428
KR-006;Fockemillen;Fockemillen;49.6786;5.946
KR-007;Gr nnen;Koerich;49.6782;5.9564
KR-008;Frankenholz;Luxembourg Land;49.6804;5.975
KR-009;Miecher;Luxembourg Land;49.6777;5.979
KR-010;Scheierheck;Goeblange;49.6798;5.9866
KR-011;Seitert;Goeblange;49.6732;5.9881
KR-012;Killen;Koerich;49.67601;5.93133
KR-013;Franzebierg;Koerich;49.6721;5.9401
KR-014;Kon;Koerich;49.6669;5.9394
KR-015;Treisch;Koerich;49.6639;5.945
KR-016;Treisch;Luxembourg Land;49.657;5.9469
KR-017;Treisch;Luxembourg Land;49.6539;5.9451
KR-018;Huuscht;Koerich (G);49.659;5.9537
KR-019;Huuscht;Koerich (G);49.6572;5.9539
KR-020;Berk;Koerich (G);49.663;5.9607
KR-021;Kieler B sch;Goetzingen;49.6543;5.9715
KR-022;Annerb sch;Goetzingen;49.6598;5.9752
KR-023;F tzb sch;Goetzingen;49.6539;5.978
KR-024;grousse Pull;Goetzingen;49.6616;5.9894
Klengen Bierg;;Roodt-sur-Syre;49.6628;6.293
LA-001;OB DER HOECHT;Meysembourg;49.7631;6.18789
LA-002;AN DER HOECHT;Meysembourg;49.76706;6.18909
LA-003;BOURBUSCH;Meysembourg;49.7706;6.18966
LA-004;NOSBUSCH;Luxembourg Land;49.76586;6.22791
LA-005;AUF MAURENDT;Meysembourg;49.77466;6.18827
LA-006;IN DEN LEIEN;Goudelt;49.78527;6.17827
LA-007;IN DEN LEIEN;Goudelt;49.77716;6.17408
LA-008;IM HANGELSBOUR;Goudelt;49.78356;6.19324
LA-009;KNAPPBUSCH;Luxembourg Land;49.78638;6.19845
LA-010;AUF BOLLERT;Goudelt;49.78516;6.18439
LA-011;REUSCHENGERBUSCH;Goudelt;49.78786;6.18407
LA-012;KNAPPBUSCH;Goudelt;49.78828;6.19077
LA-013;FELZERHOECHT;Goudelt;49.79249;6.18569
LA-014;KENGERTBUSCH;Luxembourg Land;49.79681;6.19795
LA-015;KENGERTBUSCH;Luxembourg Land;49.79484;6.20148
LA-016;KNAPPBUSCH;Luxembourg Land;49.79118;6.19709
LA-017;IM HANGELSBOUR;Larochette;49.78698;6.20563
LA-018;PLATEAU BIRKELT;Luxembourg Land;49.78484;6.20944
LA-019;IM OSTERBOUR;Larochette;49.79096;6.21458
LA-020;LEIDENBACHERBUSCH;Larochette;49.79262;6.2215
LA-021;AUF DELSENBETT;Larochette;49.78696;6.21452
LA-022;WELTERICH;Larochette;49.78641;6.22172
LA-023;CARRIERE D'ERNZEN;Luxembourg Land;49.76791;6.21566
LA-024;IN DER SEITERT;Larochette;49.77775;6.21888
LA-025;DEISCHTERE BUSCH;Ernzen;49.77257;6.22245
LA-026;IN DER SEITERT;Larochette;49.77724;6.20591
LA-027;IN DER MANZENBACH;Larochette;49.77864;6.20508
LA-028;BEI DEM HOHDERCHEN;Ernzen;49.76839;6.20473
LA-029;DICKHECK;Ernzen;49.76566;6.2104
LA-030;IN DEN LEIEN;Goudelt;49.78041;6.16868
LA-031;IN DEN LEIEN;Luxembourg Land;49.78702;6.17898
LA-032;AUF BIRKELT;Birkelt;49.78323;6.2159
LD-001;Leudelange-Gare;Leudelange-Gare;49.58666;6.05863
LD-002;Leudelange-Gare;Leudelange-Gare;49.58692;6.06355
LD-003;Berkebesch;Schleiwenhaff;49.58473;6.06784
LD-004;Laangebesch;Schleiwenhaff;49.58174;6.07293
LD-005;Laangebesch;Schleiwenhaff;49.57871;6.07175
LD-006;Laangebesch;Leudelange;49.57545;6.06505
LD-007;Jongebesch;Leudelange;49.57562;6.07202
LD-008;Zeissengerbesch;Leudelange;49.57522;6.08124
LD-009;Grasbesch;Leudelange;49.57159;6.08547
LD-010;Grasbesch;Grassbusch (Leudelange);49.57079;6.08831
LD-011;Grasbesch;Grassbusch (Leudelange);49.57233;6.09273
LD-012;Kasbierg;Grassbusch (Leudelange);49.57061;6.10341
LD-013;Jongebesch;Leudelange;49.5642;6.09425
LD-014;Roudscheier;Leudelange;49.55929;6.08696
LD-015;Beetebuergerbesch;Leudelange;49.55172;6.07862
LD-016;Scheiwelsbond;Leudelange;49.55475;6.07504
LD-017;Palsbesch;Leudelange;49.55857;6.07384
LD-018;Alert;Leudelange;49.55587;6.06677
LD-019;Kiirchheck;Leudelange;49.55329;6.06671
LD-020;Hueschterterbesch;Leudelange;49.54948;6.0624
LD-021;Hueschterterbesch;Leudelange;49.55716;6.05822
LD-022;Leidelengerbesch;Leudelange;49.55865;6.05685
LD-023;Leidelengerbesch;Leudelange;49.56064;6.05799
LD-024;Leidelengerbesch;Leudelange;49.56414;6.05649
LD-025;Leidelengerbesch;Leudelange;49.55854;6.05156
LD-026;Leidelengerbesch;Leudelange;49.5533;6.04647
LD-027;Leidelengerbesch;Leudelange;49.55799;6.04688
LD-028;Leidelengerbesch;Leudelange;49.5604;6.04495
LD-029;Reckenerbesch;Leudelange;49.56541;6.04717
LD-030;Gaalgebesch;Leudelange;49.56792;6.05626
LD-031;Rommelsbierg;Leudelange;49.56879;6.04952
LD-032;Killebesch;Schleiwenhaff;49.57279;6.05147
LD-033;Killebesch;Schleiwenhaff;49.57349;6.04797
LD-034;Killebesch;Schleiwenhaff;49.57501;6.04988
LD-035;Keibesch;Leudelange;49.57256;6.05988
LD-036;Keibesch;Leudelange;49.57445;6.05943
LD-037;Ziesbesch;Leudelange;49.58278;6.04633
LH-001;Op dem Scheed;Tarchamps;49.94205;5.79187
LH-002;Op der Houer;Harlange;49.94036;5.79646
LH-003;Op Leiwelt;Tarchamps;49.95059;5.82238
LH-004;Liebergrendchen;Tarchamps;49.94948;5.83341
LH-005;Op Kalascht;Tarchamps;49.94613;5.8178
LH-006;An der Keier;Tarchamps;49.94557;5.83272
LH-007;Ronnebesch;Harlange;49.94011;5.80748
LH-008;Zweschen de Bescher;Tarchamps;49.94131;5.81727
LH-009;Beim Harelerpad;Tarchamps;49.9416;5.82185
LH-010;Aschtert;Harlange;49.93611;5.81121
LH-011;Bringtgesbesch;Harlange;49.93675;5.82025
LH-012;Kackeschleid;Bavigne;49.93734;5.82913
LH-013;Op Stackig;Harlange;49.93143;5.80737
LH-014;Im Saak;Bavigne;49.93266;5.8296
LH-015;Auf Joscht;Bavigne;49.93309;5.83631
LH-016;Kuelebrenneschbesch;Harlange;49.92831;5.81398
LH-017;Jospich;Bavigne;49.92401;5.84275
LH-018;Beiwenerwee;Bavigne;49.92429;5.80692
LH-019;Lambertsbierg;Bavigne;49.92309;5.81971
LH-020;Kiirchebierg;Bavigne;49.92384;5.83466
LH-021;Hellekessel;Bavigne;49.91041;5.84975
LH-022;Schasbierg;Liefrange;49.90605;5.85915
LH-023;Vorstaumauer Liefrange;Liefrange;49.90507;5.8695
LH-024;Liefrange-Brill;Liefrange;49.91022;5.87105
LH-025;Beiwen-Haardschleedchen;Bavigne;49.91675;5.85363
LH-026;Iewescht Schlaedchen;Mecher (Kaundorf);49.91354;5.86212
LH-027;Bemicht;Mecher (Kaundorf);49.91209;5.86943
LH-028;Kammchen;Mecher (Kaundorf);49.91789;5.87009
LH-029;Bauschelterbierg;Bavigne;49.91315;5.83907
LH-030;Witsch;Bavigne;49.91327;5.84902
LH-031;Stengige Besch;Liefrange;49.91358;5.88699
LH-032;Roudschleed;Liefrange;49.91004;5.8861
LH-033;Gefach;Kaundorf;49.91532;5.8929
LH-034;Runtschelt;Kaundorf;49.91598;5.89951
LH-035;Kaundorf Zengen;Kaundorf;49.91733;5.90793
LH-036;Gehochelter;Kaundorf;49.91428;5.91222
LH-037;Gehochelter links;Kaundorf;49.9148;5.90956
LH-038;Mandelbaach;Luxembourg Land;49.91879;5.91846
LH-039;Mandelbaach;Luxembourg Land;49.91679;5.91661
LH-040;Permesknupp;Kaundorf;49.93142;5.91292
LH-041;Ale Wee;Kaundorf;49.92763;5.90667
LH-042;Harschend;Kaundorf;49.93032;5.89871
LH-043;Horgerhaff;Kaundorf;49.92368;5.93013
LH-044;Rkiischte Kreiz;Kaundorf;49.91752;5.9337
LH-045;Breimebierg;Kaundorf;49.93597;5.90816
LH-046;Beiwenerbuch;Nothum;49.93625;5.87387
LH-047;;Nothum;49.93198;5.86655
LH-048;Bambesch;Bavigne;49.93245;5.84403
LH-049;Schamasswiss;Tarchamps;49.96082;5.78509
LH-050;Hicht;Watrange;49.9571;5.77563
LH-051;Rinne;Watrange;49.95057;5.77365
LH-052;Beschler;Harlange;49.92656;5.77322
LH-053;Huuscht;Harlange;49.92082;5.77325
LH-054;Betlerbaach;Harlange-Poteau;49.91547;5.76494
LH-055;Aaschend;Harlange-Poteau;49.91985;5.79234
LH-056;Puert Lee;Liefrange;49.90109;5.8634
LH-057;Beiwenervorstau;Mecher (Kaundorf);49.91304;5.85759
LH-058;Base Nautique - Liefrange Plage;Liefrange;49.90439;5.87759
LH-059;Bowend;Liefrange;49.91652;5.88303
LH-060;Diefendahl;Bavigne;49.93537;5.85245
LI-001;Auf der Heidenschleid;Lintgen;49.7163;6.1308
LI-002;Auf dem Kieker;Lintgen;49.7141;6.1348
LI-003;Im Burgberg;Lintgen;49.7198;6.1338
LI-004;In der Mies;Lintgen;49.7184;6.1362
LI-005;In Kaaselt;Lintgen;49.7161;6.1407
LI-006;Laschenderbuesch;Lintgen;49.7122;6.1453
LI-007;Auf Laschend;Lintgen;49.7157;6.1484
LI-008;Laschenderbuesch;Lintgen;49.7177;6.1622
LI-009;Laschenderbuesch;Lintgen;49.7151;6.1551
LI-010;In Loetzert;Lintgen;49.7195;6.1502
LI-011;In Loetzert;Lintgen;49.721;6.1552
LI-012;Auf Moschelt;Lintgen;49.7259;6.1651
LI-013;Auf dem Stehl;Lintgen;49.7273;6.1642
LI-014;In der Seitert;Lintgen;49.7286;6.1612
LI-015;Im Gaertchen;Lintgen;49.7248;6.1691
LI-016;Im Hohwald;Lintgen;49.7322;6.1619
LI-017;In der Seitert;Lintgen;49.7351;6.1696
LI-018;Im Hohwald;Lintgen;49.7334;6.158
LI-019;In der Jederschleid;Lintgen;49.7362;6.1524
LI-020;Auf der Schooseracht;Lintgen;49.7429;6.1573
LI-021;Auf der Schaeferei;Lintgen;49.7325;6.1348
LI-022;Auf der Schaeferei;Lintgen;49.7361;6.1394
LI-023;Im Hohwald;Lintgen;49.7232;6.1352
LI-024;Im Stehl;Lintgen;49.7269;6.1515
LI-025;Im Stehl;Lintgen;49.7236;6.1519
LI-026;Im Schlammenbuesch;Lintgen;49.7313;6.1763
LI-027;Im Stehl;Lintgen;49.7209;6.1493
LI-028;Im Grund;Lintgen;49.7318;6.1381
LI-029;In der Jederschleid;Lintgen;49.7395;6.1584
LI-030;In der Jederschleid;Lintgen;49.7418;6.1652
LI-031;In der Jederschleid;Lintgen;49.7428;6.1702
LI-032;Auf der Kahlscheuer;Lintgen;49.7219;6.1118
LI-033;Auf Gosseldingerberg;Lintgen;49.718;6.1061
LI-034;In Bingel;Lintgen;49.7135;6.1127
LI-035;Auf Flickert;Lintgen;49.7134;6.1189
LI-036;Auf Prettenerberg;Lintgen;49.7085;6.111
LI-037;Auf Reiland;Lintgen;49.7276;6.1072
LI-038;Auf dem Kalk;Lintgen;49.7307;6.1087
LI-039;Hinten auf Loetzert;Lintgen;49.7372;6.1025
LX-001;;Neudorf (Luxembourg);49.6323;6.18526
LX-002;;Dommeldange (Luxembourg);49.64928;6.15066
LX-003;;Muhlenbach (Luxembourg);49.64506;6.10727
LX-004;;Muhlenbach (Luxembourg);49.63882;6.11069
LX-005;;Rollingergrund (Luxembourg);49.63243;6.10933
LX-006;;Rollingergrund (Luxembourg);49.63245;6.08981
LX-007;;Rollingergrund (Luxembourg);49.63709;6.09542
LX-008;;Rollingergrund (Luxembourg);49.64564;6.09965
LX-009;;Rollingergrund (Luxembourg);49.64615;6.08549
LX-010;;Rollingergrund (Luxembourg);49.64166;6.08663
LX-011;;Rollingergrund (Luxembourg);49.64273;6.09446
LX-012;;Rollingergrund (Luxembourg);49.64087;6.07643
LX-013;;Rollingergrund (Luxembourg);49.63198;6.06991
LX-014;;Rollingergrund (Luxembourg);49.62706;6.09513
LX-015;;Rollingergrund (Luxembourg);49.63391;6.08333
LX-016;;Rollingergrund (Luxembourg);49.63098;6.09783
LX-017;;Rollingergrund (Luxembourg);49.63733;6.10346
LX-018;;Rollingergrund (Luxembourg);49.62899;6.08256
LX-019;;Hamm (Luxembourg);49.60712;6.17899
LX-020;;Cessange (Luxembourg);49.57866;6.08352
LX-021;;Cessange (Luxembourg);49.58266;6.0825
LX-022;;Kockelscheuer (Luxembourg);49.56688;6.10072
LX-023;;Muhlenbach (Luxembourg);49.64225;6.11839
LX-024;;Muhlenbach (Luxembourg);49.6429;6.12305
MN-001;St ckemillen;Luxembourg Land;49.7072;6.436
MN-002;an der F ls;Luxembourg Land;49.7107;6.4388
MN-003;Fielsmillen;Luxembourg Land;49.7112;6.4463
MN-004;an der F ls;Manternach;49.7131;6.4416
MN-005;Stengegtfeld;Lellig;49.7144;6.4413
MN-006;Millecker;Manternach;49.7112;6.436
MN-007;Beckeschbierg;Manternach;49.7101;6.4295
MN-008;G ser;Manternach;49.7063;6.4273
MN-009;Stell;Munschecker;49.7028;6.4497
MN-010;Stell;Munschecker;49.7003;6.46
MN-011;Schlauf ls;Luxembourg Land;49.713;6.4597
MN-012;Frol;Lellig;49.71831;6.44717
MN-013;Scheed;Manternach;49.6979;6.4091
MN-014;Gro steen;Manternach;49.6979;6.4297
MN-015;G nschend;Lellig;49.7317;6.4764
MN-016;Sernig;Lellig;49.7399;6.4765
MN-017;Aessen;Luxembourg Land;49.7379;6.4567
MN-018;Weiler;Luxembourg Land;49.7304;6.4574
MN-019;Kolm;Lellig;49.7106;6.4696
MN-020;Berbourgerb sch;Luxembourg Land;49.7265;6.3911
MN-021;W lten;Berbourg;49.7347;6.3768
MN-022;Vollerdsheck;Berbourg;49.7384;6.4087
MN-023;Sch dbierg;Berbourg;49.7409;6.4
MN-024;Sch ferrieder;Mertert;49.7177;6.4803
MN-025;Sch ferrieder;Mertert;49.717;6.4839
MS-001;BINTZERATH;Mersch (G);49.75248;6.12311
MS-002;BINTZERATH;Beringen;49.75474;6.13074
MS-003;IM AHLERFELD;Beringen;49.75822;6.1316
MS-004;IEWESCHTE BUSCH AUF PAVE;Beringen;49.76273;6.13192
MS-005;IEWESCHTE BUSCH;Beringerberg;49.76566;6.13953
MS-006;IEWESCHTE BUSCH;Beringerberg;49.7711;6.14406
MS-007;IEWESCHTE BUSCH;Luxembourg Land;49.77217;6.13586
MS-008;FAASCHT;Luxembourg Land;49.77754;6.1402
MS-009;UNTER HONES;Moesdorf (Mersch);49.77372;6.12428
MS-010;OBERSTE RESCHT;Luxembourg Land;49.77271;6.08931
MS-011;OBERSTE RESCHT;Pettingen;49.77501;6.09688
MS-012;BEIM ROST;Essingen;49.78342;6.09889
MS-013;HOIRGAERTGESBERG;Luxembourg Land;49.78777;6.10593
MS-014;ETTELBONT;Cruchten;49.79078;6.1191
MS-015;AUF HILBICHERHOECHT;Essingen;49.77923;6.11849
MS-016;HINTER DER HECK;Angelsberg;49.75773;6.14443
MS-017;BUSCH BEI BINTZERT HECK;Angelsberg;49.7614;6.14119
MS-018;AUF DER AHLHECK;Mersch;49.74599;6.12365
MS-019;GANSCHELT;Mersch;49.7452;6.13006
MS-020;AUF DER AHLHECK;Mersch;49.74543;6.1378
MS-021;AUF BOULLERT;Schoos;49.74874;6.1518
MS-022;UEBER DEN BERG;Luxembourg Land;49.73986;6.13921
MS-023;BOUSSERBUSCH;Luxembourg Land;49.7356;6.13137
MS-024;LANGENBUSCH;Luxembourg Land;49.73932;6.12536
MS-025;IN DER SANG;Rollingen (Mersch);49.73625;6.12025
MS-026;BOUSSERBUSCH;Rollingen (Mersch);49.73375;6.13026
MS-027;LANGENBUSCH;Rollingen (Mersch);49.74046;6.1313
MS-028;IM ROOSCHTGRUND;Mersch (G);49.76536;6.13092
MS-029;GANSCHELT;Rollingen (Mersch);49.75205;6.14377
MS-030;GANSCHELT;Luxembourg Land;49.75156;6.13707
MS-031;BINTZERATH;Mersch (G);49.7534;6.13883
MS-032;ELSEN FOLLMUEHLE;Mersch;49.73367;6.09883
MS-033;IN ENSCHELT;Mersch (G);49.7343;6.09655
MS-034;SCHLOSSOICHT BEI DER MAMER;Mersch (G);49.73678;6.10038
MS-035;AUF DEM THIELER;Mersch;49.73907;6.0878
MS-036;IN ENSCHELT;Mersch;49.73758;6.09251
MS-037;HART;Mersch;49.73504;6.0863
MS-038;HART;Mersch;49.73308;6.09011
MS-039;MERSCHER WALD;Mersch (G);49.72448;6.08955
MS-040;IN ENSCHELT;Mersch (G);49.72134;6.09108
MS-041;MERSCHER WALD;Mersch (G);49.71911;6.08605
MS-042;MERSCHER WALD;Luxembourg Land;49.71625;6.07052
MS-043;MERSCHER WALD;Mersch (G);49.72892;6.08071
MS-044;MERSCHER WALD;Mersch (G);49.72903;6.07854
MS-045;MERSCHER WALD;Mersch (G);49.72721;6.08619
MS-046;AUF SANNERT;Mersch;49.74159;6.0842
MS-047;IN MANSCHELT;Mersch (G);49.7339;6.07153
MS-048;AUF GIEWEL;Reckange (Mersch);49.74822;6.07173
MS-049;BEIM WEIHER;Reckange (Mersch);49.7594;6.05148
MS-050;ELENTER WOIS;Reckange (Mersch);49.76014;6.07814
MS-051;OBERSTE RESCHT;Luxembourg Land;49.77445;6.08284
MS-052;RECKINGER WALD;Reckange (Mersch);49.7384;6.06497
MS-053;RECKINGER WALD;Reckange (Mersch);49.73488;6.06324
MS-054;RECKINGER WALD;Reckange (Mersch);49.73759;6.05597
MS-055;IN KREMERICH;Brouch (Boevange sur Attert);49.73963;6.03984
MS-056;RECKINGER WALD;Helperknapp (G);49.7319;6.04498
MS-057;RECKINGER WALD;Helperknapp (G);49.72842;6.05388
MS-058;RECKINGER WALD;Helperknapp (G);49.72229;6.05806
MS-059;KALBACHERHOF;Kuelbecherhaff;49.72269;6.06984
MS-060;REIFELSBUSCH;Luxembourg Land;49.71217;6.08091
MS-061;REIFELSBUSCH;Luxembourg Land;49.70494;6.07739
MS-062;BUCHHOLZ;Luxembourg Land;49.69758;6.07249
MS-063;UNTER DER MUEHLE;Luxembourg Land;49.72299;6.09952
MS-064;HERRENBUSCH;Schoenfels;49.71285;6.09648
MS-065;IM GELAENDS;Schoenfels;49.71013;6.08499
MS-066;BUCHHOLZ;Luxembourg Land;49.70228;6.07654
MS-067;GRAUENKNOPP;Luxembourg Land;49.70291;6.08531
MS-068;GRAUENKNOPP;Luxembourg Land;49.69874;6.08647
MS-069;DELL OICHT;Luxembourg Land;49.70374;6.08933
MS-070;WEIDEBERG;Schoenfels;49.70172;6.09314
MS-071;AUF RENNSCHEUERBERG;Gosseldange;49.71002;6.10521
MS-072;AUF KUMMERMORGEN;Gosseldange;49.70473;6.10389
MT-001;Hinter dem Jungenwald;Mertzig;49.85328;5.98922
MT-002;Auf Steimicht;Mertzig;49.8504;5.9884
MT-003;Im Jungenwald;Mertzig;49.84787;5.98683
MT-004;Hinterster Merscheiderbusch;Mertzig;49.84409;5.98108
MT-005;Hinterster Merscheiderbusch;Mertzig;49.84241;5.97733
MT-006;Hinterster Merscheiderbusch;Mertzig;49.84031;5.98137
MT-007;Vordere Merscheiderbusch;Mertzig;49.83793;5.97844
MT-008;Im Wald;Mertzig;49.84282;5.99821
MT-009;Im Wald;Mertzig;49.84109;6.00039
MT-010;In der Wark;Mertzig;49.82548;5.99127
MT-011;Auf den Dunnheiden;Mertzig;49.82263;5.98549
MT-012;Im Bill;Mertzig;49.81804;5.98221
MT-013;Bei Vichter Wald;Mertzig;49.81933;5.9952
MT-014;In der Seitert;Mertzig;49.82821;6.01153
MT-015;In der Seitert;Mertzig;49.82934;6.0232
MT-016;Beim Partzweg;Mertzig;49.83366;6.02015
MT-017;Vor Breidelt;Mertzig;49.83589;6.02769
MT-018;Useldinger Frehn;Mertzig;49.8322;6.0363
NA-001;;Waldhaff;49.6567;6.19
NA-002;;Waldhaff;49.6559;6.1927
NA-003;;Senningerberg;49.6561;6.207
NA-004;;Senningerberg;49.6541;6.2153
NA-005;;Senningerberg;49.6487;6.2056
NA-006;;Waldhaff;49.6473;6.1938
NA-007;;Senningerberg;49.64456;6.215
NA-008;;Senningerberg;49.6493;6.2246
NA-009;;Senningerberg;49.64515;6.20454
NA-010;;Waldhaff;49.63835;6.175
NA-011;;Waldhaff;49.64029;6.16787
NA-012;;Waldhaff;49.64366;6.16734
NA-013;;Waldhaff;49.64615;6.18098
NA-014;;Waldhaff;49.64807;6.16968
NA-015;;Waldhaff;49.65486;6.17555
NA-016;;Waldhaff;49.6258;6.1824
NA-017;;Senningerberg;49.629;6.19439
NA-018;;Senningerberg;49.63189;6.20491
NA-019;;Senningerberg;49.63664;6.19218
NA-020;;Senningerberg;49.64034;6.20188
NA-021;;Waldhaff;49.66115;6.20089
NA-022;;Rameldange;49.66343;6.21778
NA-023;;Rameldange;49.66391;6.22623
NA-024;;Rameldange;49.6693;6.23008
NA-025;;Rameldange;49.67057;6.22188
NA-026;;Luxembourg Land;49.67343;6.21416
NA-027;;Luxembourg Land;49.67498;6.21808
NA-028;;Luxembourg Land;49.68133;6.21432
NA-029;;Luxembourg Land;49.68377;6.22087
NA-030;;Luxembourg Land;49.67401;6.20578
NA-031;;Waldhaff;49.66088;6.19184
NA-032;;Luxembourg Land;49.66696;6.19677
NA-033;;Ernster;49.6785;6.2286
NA-034;;Ernster;49.6803;6.2364
NA-035;;Ernster;49.6737;6.2537
NA-036;;Ernster;49.6736;6.2574
NA-037;;Niederanven;49.6658;6.259
NA-038;;Niederanven;49.6654;6.2679
NA-039;;Niederanven;49.6606;6.2756
NA-040;;Niederanven;49.661;6.2535
NA-041;;Rameldange;49.659;6.2274
NA-042;;Hostert (Senningerberg);49.6555;6.2284
NA-043;;Hostert (Senningerberg);49.6541;6.2339
NA-044;;Senningerberg;49.6486;6.2295
NA-045;;Senningen;49.6413;6.239
NA-046;;Munsbach;49.625;6.2575
NA-047;;Munsbach;49.6254;6.2527
NA-048;;Munsbach;49.6233;6.2605
NA-049;;Schuttrange;49.6192;6.2518
NA-050;;Schuttrange;49.6166;6.2922
NA-051;;Schuttrange;49.6231;6.2914
NA-052;;Schuttrange;49.6258;6.3042
NA-053;;Uebersyren;49.6287;6.2984
NA-054;;Uebersyren;49.6343;6.3042
NA-055;;Uebersyren;49.6376;6.2926
NA-056;;Uebersyren;49.6362;6.2892
PH-001;AUF RITZELT;Parc Hosingen (G);49.9645;6.0812
PH-002;IM WOLFSBERG;Parc Hosingen (G);49.9407;6.0641
PH-003;IN DER HINTERSTEN KOLBICHT;Parc Hosingen (G);49.9493;6.0736
PH-004;OBERSCHLINDER;Parc Hosingen (G);49.9544;6.0647
PH-005;IN PREFELECK;Luxembourg Land;49.9536;6.0423
PH-006;MAKENTHAL;Parc Hosingen (G);49.9715;6.03139
PH-007;AUF DEM PULL;Parc Hosingen (G);49.9756;6.0518
PH-008;AUF PASCHENT;Luxembourg Land;49.9666;6.0631
PH-009;IM IMMESCHTERBERG;Parc Hosingen (G);49.991;6.1432
PH-010;PINTZEBERG;Parc Hosingen (G);49.9966;6.06669
PH-011;NEURODER;Parc Hosingen (G);50.0086;6.1112
PH-012;IN DER GEHSLEI;Parc Hosingen (G);50.0183;6.1205
PH-013;HINTERSTE AELTCHEN;Rodershausen;50.0311;6.1287
PH-014;FRENG;Luxembourg Land;50.0071;6.0421
PH-015;AUF DER KLOSTERWESCH;Parc Hosingen (G);50.021;6.0726
PH-016;HAEMECHT;Luxembourg Land;50.021;6.0726
PH-017;IN DER LANGEN HOUSCHT;Parc Hosingen (G);49.9553;6.07669
PH-018;AUF ROSBOURN;Parc Hosingen (G);49.9787;6.0701
PH-019;IN DER DICKT;Hosingen;49.9965;6.1023
PH-020;IN DER DICKT;Parc Hosingen (G);49.9945;6.1099
PH-021;UNTERSTE DICKT;Parc Hosingen (G);50.0001;6.1219
PH-022;VOR ACKESCHT;Parc Hosingen (G);49.9765;6.13429
PH-023;FRAUENGARTSBUSCH;Luxembourg Land;49.9835;6.1681
PH-024;ACKESCHTERBUSCH;Luxembourg Land;49.9868;6.1595
PH-025;IN DER KENDEL;Parc Hosingen (G);49.9994;6.1349
PH-026;SEIWESCHLEI;Parc Hosingen (G);50.0124;6.1336
PH-027;KIEKELSBERG;Hosingen;50.0219;6.1274
PH-028;FALBICH;Parc Hosingen (G);50.0228;6.09919
PH-029;SCHOTTELBOUR;Luxembourg Land;50.0422;6.0981
PH-030;AUF DER SCHLEID;Luxembourg Land;50.0291;6.0565
PH-031;UNTERSTE DICKT;Parc Hosingen (G);49.9992;6.1124
PH-032;AUF DER SCHLEID;Parc Hosingen (G);50.006;6.1076
PH-033;AUF DER HOUDELSLAE;Luxembourg Land;50.0546;6.1196
PH-034;IN DER HAPPERBACH;Luxembourg Land;50.0253;6.0552
PH-035;SANG;Hosingen;50.0318;6.11649
PH-036;UM KNUPP;Luxembourg Land;50.0203;6.1
PH-037;RICHTBERG;Parc Hosingen (G);50.0064;6.14199
PH-038;IN DER JOPICHT;Parc Hosingen (G);49.9768;6.03049
PH-039;IN DER DICKT;Hosingen;49.9939;6.102
PH-040;IN DEN SCHWEINSTAELLEN;Luxembourg Land;49.9838;6.14309
PH-041;AUF DER MARKEBACH;Hoscheid;49.9372;6.0871
RE-001;Sp ttelb sch;Stadtbredimus;49.6512;6.3551
RE-002;Kallekb sch;Beyren;49.6429;6.3391
RE-003;Klengen Doutb sch;Beyren;49.6407;6.3142
RE-004;Doutb sch;Beyren;49.6384;6.3306
RE-005;Birkewiserb sch;Beyren;49.6275;6.3195
RE-006;H lert;Canach;49.6096;6.3019
RE-007;H lert;Canach;49.605;6.2949
RE-008;Hosb sch;Canach;49.5976;6.3041
RE-009;Reeschb sch;Canach;49.6049;6.3265
RE-010;Braneb sch;Canach;49.5948;6.3298
RE-011;Briedem sser B sch;Greiveldange;49.588;6.3421
RE-012;R imecherb sch;Stadtbredimus;49.5594;6.3658
RE-013;R imecherb sch;Remich;49.5522;6.3646
RE-014;R imecherb sch;Remich;49.5496;6.3584
RM-001;Hoen;Roedgen;49.58126;6.0213
RM-002;Am Bierg;Roedgen;49.58261;6.02789
RM-003;Bettengerbesch;Roedgen;49.58427;6.03974
RM-004;Frouns;Reckange-sur-Mess;49.56277;6.03863
RM-005;Frouns;Reckange-sur-Mess;49.55893;6.03149
RM-006;Riederb sch;Ehlange;49.55595;6.04094
RM-007;Riederb sch;Ehlange;49.55415;6.03703
RM-008;Laanheck;Wickrange;49.54305;6.02798
RM-009;Kaggel;Wickrange;49.54136;6.01574
RM-010;Schlammst cker;Ehlange;49.54451;6.00719
RO-001;Geha neb sch;Roeser;49.54937;6.16217
RO-002;Birl k;Roeser;49.54588;6.16106
RO-003;W indelb sch;Roeser;49.54502;6.16845
RO-004;W indelb sch;Roeser;49.54107;6.16147
RO-005;Hiddelb sch;Roeser;49.53725;6.15731
RO-006;Weisseb sch;Roeser;49.53279;6.1528
RO-007;Streidegeb sch;Roeser;49.52977;6.16094
RO-008;Streidegeb sch;Roeser;49.52765;6.15535
RO-009;Heed;Roeser;49.52668;6.1632
RO-010;Heed;Roeser;49.52502;6.1589
RO-011;;Roeser;49.5264;6.15155
RO-012;Weierb sch;Roeser;49.52118;6.15078
RO-013;Weierb sch;Roeser;49.52126;6.15565
RO-014;Schleed;Roeser;49.51832;6.14631
RO-015;Kazeb sch;Roeser;49.51707;6.13628
RO-016;Kazeb sch;Roeser;49.51389;6.13014
RO-017;Kazeb sch;Roeser;49.51244;6.12989
RO-018;bei de Weieren;Roeser;49.50643;6.12564
RO-019;Gemengholz;Roeser;49.49959;6.1267
RO-020;Gemengholz;Roeser;49.49396;6.12808
RO-021;Gemengholz;Roeser;49.49538;6.13142
RO-022;Grouss Jen serb scher;Roeser;49.49491;6.13662
RO-023;Grouss Jen serb scher;Roeser;49.49284;6.13866
RO-024;M ckeweier;Roeser;49.55286;6.12932
RO-025;Sauerstrachen;Roeser;49.54295;6.12158
RO-026;Haff Uechtgen;Roeser;49.55532;6.12332
RO-027;Hemeschb schelchen;Roeser;49.5536;6.11399
RO-028;op Botter;Roeser;49.55037;6.11684
RO-029;R meschbierg;Roeser;49.54966;6.10446
RO-030;R meschbierg;Roeser;49.54609;6.10433
RO-031;Mierscherb sch;Roeser;49.55035;6.10072
RO-032;V ierh reb sch;Roeser;49.54963;6.09818
RP-001;VIRUN DEN HONDSRECKEN;Rosport-Mompach (G);49.75062;6.4572
RP-002;HAREFELDER;Rosport-Mompach (G);49.7517;6.44154
RP-003;AM FAASCHT;Herborn;49.74813;6.44191
RP-004;OP DER KLOPP;Luxembourg Land;49.73942;6.43586
RP-005;SCHLEED;Luxembourg Land;49.73321;6.43664
RP-006;OP SCHETZWUES;Luxembourg Land;49.73825;6.44381
RP-007;UM WUES;Mompach;49.74687;6.44831
RP-008;HERRENWALD;Rosport-Mompach (G);49.74074;6.48056
RP-009;HERRENWALD;Rosport-Mompach (G);49.7388;6.49179
RP-010;AUF DER KAUZENBACH;Rosport-Mompach (G);49.74476;6.49296
RP-011;IN FELZENT;Born;49.75599;6.49708
RP-012;UM PAFEBIERG;Mompach;49.75671;6.45917
RP-013;A BERWEILER;Luxembourg Land;49.76331;6.45374
RP-014;AM BUEDEM;Luxembourg Land;49.76297;6.46393
RP-015;C.R. 141C;Rosport-Mompach (G);49.75493;6.4638
RP-016;C.R. 141C;Rosport-Mompach (G);49.75729;6.46841
RP-017;SCHEEDBESCH;Boursdorf;49.76367;6.47709
RP-018;OP EECHELS;Dickweiler;49.76804;6.4759
RP-019;A BERWEILER;Luxembourg Land;49.76612;6.46599
RP-020;HANNERT DEM BESCH;Lilien;49.75325;6.39622
RP-021;HIERBER BESCH;Lilien;49.75017;6.40306
RP-022;HIERBER BESCH;Herborn;49.75793;6.40761
RP-023;HIERBER BESCH;Herborn;49.76183;6.41163
RP-024;BESCHWISS;Herborn;49.75514;6.41976
RP-025;AN DER DEIFWISS;Rosport-Mompach (G);49.75685;6.42691
RP-026;HIERBER BESCH;Rosport-Mompach (G);49.76519;6.43301
RP-027;GRUUSSEBESCH;Luxembourg Land;49.77044;6.39909
RP-028;SAKSLOOCH;Luxembourg Land;49.77255;6.41548
RP-029;OP DER SCHANZ;Rosport-Mompach (G);49.76825;6.43949
RP-030;PAFEBIERG;Rosport-Mompach (G);49.7677;6.44955
RP-031;GROLSBIERG;Luxembourg Land;49.77698;6.44
RP-032;MEISBESCH;Rosport-Mompach (G);49.7756;6.45122
RP-033;METTELSTE BESCH;Rosport-Mompach (G);49.77319;6.45457
RP-034;VIISCHTE BESCH;Rosport-Mompach (G);49.78251;6.45992
RP-035;BASSERT;Dickweiler;49.777;6.46425
RP-036;REITFELD;Dickweiler;49.77881;6.46766
RP-037;OP SCHOTELT;Dickweiler;49.7733;6.47199
RP-038;BORNER BUSCH;Born;49.76134;6.49929
RP-039;VOR DEM BUSCH;Born;49.76545;6.50227
RP-040;BORNER BUSCH;Born;49.7688;6.50011
RP-041;BORNER BUSCH;Born;49.76946;6.49425
RP-042;AICHHELZ;Girst;49.7725;6.48665
RP-043;HINKELTER BESCH;Rosport-Mompach (G);49.77215;6.5087
RP-044;AM LIH;Girst;49.77447;6.49945
RP-045;GIISCHTERBAACH;Girst;49.77521;6.49275
RP-046;AICHHELZ;Girst;49.77787;6.49005
RP-047;OP MESSEL;Rosport-Mompach (G);49.78093;6.48698
RP-048;AM GIER;Rosport-Mompach (G);49.78376;6.48105
RP-049;HECKEBESCH;Rosport-Mompach (G);49.77953;6.48386
RP-050;EMBIERG;Luxembourg Land;49.77748;6.49921
RP-051;AM BESCHELCHEN;Rosport-Mompach (G);49.78291;6.50516
RP-052;OP MESSEL;Girsterklaus;49.78437;6.4964
RP-053;UM SEES;Girsterklaus;49.78573;6.49527
RP-054;OP DER DOMP;Girsterklaus;49.78456;6.4997
RP-055;ENNER EM LEITISCHBESCH;Rosport-Mompach (G);49.79161;6.5048
RP-056;ENNER EM GEESCHTER BESCH;Rosport;49.79136;6.50132
RP-057;GEESCHTER BESCH;Rosport-Mompach (G);49.79473;6.49426
RP-058;OP DER BAACH;Rosport-Mompach (G);49.80304;6.49608
RP-059;IWER DEM WANGERTSWEE;Rosport;49.79927;6.51065
RP-060;IEWESCHT UECHT;Steinheim;49.81742;6.47531
RP-061;HELT;Rosport;49.80802;6.5192
RP-062;HOWALD;Rosport-Mompach (G);49.7983;6.4847
RP-063;HOWALD;Rosport-Mompach (G);49.79425;6.48132
RP-064;HOWALD;Rosport-Mompach (G);49.79243;6.47429
RP-065;HOWALD;Rosport-Mompach (G);49.79775;6.47221
RP-066;TAUBESCH;Rosport-Mompach (G);49.80999;6.48933
RP-067;WAITESCHWEE;Steinheim;49.81346;6.46887
RP-068;IN WANN;Luxembourg Land;49.80783;6.45287
RP-069;BARWENKEL;Steinheim;49.81611;6.46616
RP-070;WAITESCHWEE;Steinheim;49.81446;6.46961
SA-001;Boschleck;Schwebach;49.74905;5.968
SA-002;Jungenbusch;Saeul (G);49.74678;5.98151
SA-003;Beim Kurtbusch;Schwebach;49.73968;5.95488
SA-004;Lempels;Saeul (G);49.74169;5.9842
SA-005;In der Klaus;Kapweiler;49.73533;5.95339
SA-006;Hassel;Calmus;49.73096;5.94632
SA-007;Ditzebierg;Luxembourg Land;49.72985;5.9715
SA-008;Ditzebierg;Saeul (G);49.73178;5.98109
SA-009;Kohlenberg;Calmus;49.72589;5.97123
SA-010;An der Herel;Luxembourg Land;49.72762;5.97995
SA-011;In Hamm;Luxembourg Land;49.72854;5.99849
SA-012;Im Rohr;Ehner;49.72161;5.9485
SA-013;Am Dallbierg;Luxembourg Land;49.72287;5.97265
SA-014;Am Dallbierg;Luxembourg Land;49.72148;5.97231
SA-015;Am Dallbierg;Luxembourg Land;49.72378;5.98933
SA-016;Tentenerpfad;Luxembourg Land;49.72532;5.99503
SA-017;Tentenerpfad;Luxembourg Land;49.72418;5.99694
SA-018;Letzert;Ehner;49.71211;5.93622
SA-019;Galgenbierg;Luxembourg Land;49.7133;5.95109
SA-020;Leichenhoehl;Luxembourg Land;49.71491;5.95959
SA-021;Bockols;Ehner;49.71018;5.93391
SA-022;Takenberg;Ehner;49.70773;5.93588
SA-023;Auf Remescht;Luxembourg Land;49.70864;5.94397
SA-024;Galgenberg;Luxembourg Land;49.71002;5.94941
SE-001;An der F ls;Schengen;49.4634;6.3638
SE-002;An der F ls;Schengen;49.4661;6.3626
SE-003;Markusberg;Schengen;49.4708;6.3576
SE-004;Heed;Schengen;49.473;6.35
SE-005;Grouf;Schengen (G);49.4752;6.3386
SE-006;Grouf;Schengen;49.4784;6.3445
SE-007;Grouf;Remerschen;49.4806;6.3519
SE-008;Hommelsb sch;Wintrange;49.5097;6.3361
SE-009;Hommelsb sch;Schwebsange;49.5148;6.3457
SE-010;Reef;Schwebsange;49.5173;6.3401
SE-011;Reef;Schwebsange;49.5166;6.3382
SE-012;Elw nger Gemengeb sch;Elvange (Mondorf);49.5126;6.3324
SE-013;Elw nger Gemengeb sch;Wellenstein;49.5251;6.3293
SE-014;Elw nger Gemengeb sch;Wellenstein;49.5241;6.3252
SE-015;Dolter;Schengen (G);49.4989;6.3358
SE-016;Elw nger Gemengeb sch;Wellenstein;49.5151;6.3238
SE-017;Elw nger Gemengeb sch;Wellenstein;49.5163;6.3227
SE-018;Elw nger Gemengeb sch;Wellenstein;49.5181;6.3193
SE-019;Ell ngerb sch;Wellenstein;49.5227;6.3212
SE-020;Ell ngerb sch;Bech-Kleinmacher;49.5272;6.3327
SE-021;Ell ngerb sch;Ellange;49.5235;6.3145
SE-022;Ell ngerb sch;Luxembourg Land;49.5258;6.3097
SE-023;Hessl ngerb sch;Ellange;49.5291;6.3041
SE-024;Stengenerb sch;Ellange;49.5318;6.2707
SE-025;Stengenerb sch;Dalheim;49.533;6.2653
SE-026;Stengenerb sch;Luxembourg Land;49.5261;6.2611
SE-027;Stengenerb sch;Luxembourg Land;49.5274;6.2655
SE-028;Stengenerb sch;Luxembourg Land;49.5263;6.265
SE-029;Wouer;Mondorf-les-Bains;49.5176;6.277
SE-030;Wouer;Mondorf-les-Bains;49.5146;6.2785
SE-031;Wouer;Mondorf-les-Bains;49.5196;6.2854
SE-032;Wouer;Luxembourg Land;49.5226;6.281
SE-033;Hilt ngerb sch;Mondorf-les-Bains;49.5087;6.2995
SE-034;Dolter;Schengen (G);49.5003;6.3319
SE-035;Dolter;Wintrange;49.496;6.337
SE-036;Dolter;Wintrange;49.4968;6.3447
SE-037;Ell ngerb sch;Ellange;49.5262;6.3182
SE-038;Scheierdellen;Erpeldange (Bous);49.5299;6.3232
SE-039;Scheierdellen;Erpeldange (Bous);49.53;6.3282
SI-001;LOH;Schieren;49.83684;6.11922
SI-002;IN DER GEBRANNTER SANG;Schieren;49.83131;6.11108
SI-003;BACH AUS;Luxembourg Land;49.82979;6.11519
SI-004;MANERTSLOCH;Luxembourg Land;49.83242;6.12233
SI-005;AUF SCHMITZBERG;Luxembourg Land;49.83068;6.12901
SI-006;AUF DEM SCHESSEL;Luxembourg Land;49.83388;6.1349
SI-007;AUF DEM KIESEL;Luxembourg Land;49.83204;6.14623
SI-008;SEITERT;Luxembourg Land;49.82627;6.13548
SI-009;SEITERT;Luxembourg Land;49.8252;6.12016
SI-010;JUNGENBUSCH;Schieren;49.81764;6.12157
SI-011;LANGERT;Luxembourg Land;49.81399;6.10789
SI-012;LANGERT;Luxembourg Land;49.81541;6.10139
SI-013;AM GAPP;Schieren;49.82145;6.09967
SL-001;Biergerkraiz;Steinsel;49.67936;6.20648
SL-002;Ielzert;Steinsel;49.68579;6.20245
SL-003;Letzebuerger Wee;Steinsel;49.67057;6.19336
SL-004;Schetzelklaus;Steinsel;49.66748;6.19222
SL-005;Schetzelbaach;Steinsel;49.66928;6.1811
SL-006;Dauwebuer;Steinsel;49.67514;6.18469
SL-007;Salzlecken;Steinsel;49.67369;6.1902
SL-008;Aarbeschterhaischen Gatter;Steinsel;49.68041;6.19257
SL-009;Dauwebur;Steinsel;49.67817;6.18569
SL-010;Juddesbierg;Steinsel;49.68211;6.18511
SL-011;Spatzlee;Steinsel;49.68116;6.17752
SL-012;Rengelbaach;Steinsel;49.68084;6.17289
SL-013;Houschend;Steinsel;49.67519;6.17191
SL-014;Kaschtewiss;Steinsel;49.67364;6.17519
SL-015;Hambiersknupp;Steinsel;49.67109;6.17151
SL-016;Prinzessinneneechen;Steinsel;49.67011;6.16635
SL-017;Meegronn;Steinsel;49.66811;6.16096
SL-018;Kutschewee;Steinsel;49.6661;6.17073
SL-019;Klengewald;Steinsel;49.67986;6.16239
SL-020;Stafelter;Steinsel;49.65897;6.17279
SL-021;Doudeg Fra;Steinsel;49.66192;6.16481
SL-022;Routbreschten;Steinsel;49.64894;6.15978
SL-023;Ditgesbaach;Steinsel;49.66171;6.1806
SL-024;Glecht;Luxembourg Land;49.6681;6.1518
SL-025;Gappkaulen;Luxembourg Land;49.66764;6.146
SL-026;Hunnebierg;Luxembourg Land;49.67093;6.149
SL-027;Heeschdreferbierg;Luxembourg Land;49.67782;6.15129
SL-028;Romescht;Steinsel;49.68837;6.11561
SL-029;Hungsbierg;Steinsel;49.68434;6.1139
SL-030;Suel;Steinsel;49.68575;6.10505
SL-031;Rannerpad;Steinsel;49.67843;6.11529
SL-032;Trimmparcours;Steinsel;49.67904;6.11064
SL-033;Schankegronn;Steinsel;49.68506;6.09156
SL-034;Milltchen;Steinsel;49.6779;6.09664
SL-035;Schmitzgronn;Steinsel;49.67978;6.08986
SL-036;Pilleweer;Steinsel;49.67185;6.10126
SL-037;Well Sau;Steinsel;49.6669;6.10574
SL-038;Scheisselbesch;Steinsel;49.67247;6.11665
SR-001;Strasserbusch;Strassen;49.63437;6.07067
SR-002;Strasserbusch;Strassen;49.63754;6.06888
SR-003;Strasserbusch;Strassen;49.6413;6.06777
SR-004;Strasserbusch;Strassen;49.64152;6.07546
SR-005;Strasserbusch;Strassen;49.64744;6.07652
SR-006;Strasserbusch;Strassen;49.65035;6.07841
SR-007;Strasserbusch;Strassen;49.65204;6.07354
SR-008;Strasserbusch;Strassen;49.65561;6.07256
SR-009;Strasserbusch;Strassen;49.65187;6.06153
SR-010;Strasserbusch;Strassen;49.64803;6.06229
SR-011;Strasserbusch;Strassen;49.64068;6.04829
SR-012;Strasserbusch;Strassen;49.63979;6.05699
SR-013;Strasserbusch;Strassen;49.63708;6.06542
SR-014;Strasserbusch;Strassen;49.63274;6.05282
SR-015;Strasserbusch;Strassen;49.62826;6.04575
ST-001;Heedknapp;Steinfort;49.6691;5.9017
ST-002;Schwaarzenhaff;Steinfort;49.6687;5.9094
ST-003;Schliekebesch;Steinfort;49.6546;5.906
ST-004;Schliekebesch;Steinfort;49.653;5.9127
ST-005;Faascht;Hagen;49.6424;5.9482
ST-006;Keibreck;Garnich;49.6346;5.9426
SW-001;Cimetiere militaire americain;Luxembourg Land;49.6135;6.1868
SW-002;Scheedbesch;Luxembourg Land;49.6101;6.1986
SW-003;Birelergronn;Luxembourg Land;49.6232;6.2228
SW-004;Birelergronn;Luxembourg Land;49.6241;6.2279
SW-005;Waltebesch;Neuhausgen;49.6297;6.2357
SW-006;Waltebesch;Neuhausgen;49.6318;6.2408
SW-007;Mensterbesch;Senningerberg;49.6412;6.2316
US-001;Hunsdorf;Rippweiler;49.75126;5.93961
VE-001;LANGEN HAIDBUESCH;Stegen;49.82352;6.15958
VE-002;AUF DEM WELKESCHGRUENDCHEN;Medernach;49.81273;6.19377
VE-003;RONNENBUSCH;Luxembourg Land;49.80108;6.20104
VE-004;IM KANSDRIESCH;Medernach;49.80183;6.21513
VE-005;BEI DER OHLIGSMUEHLE;Medernach;49.80008;6.21597
VE-006;AUF UNTERST KENGERT;Luxembourg Land;49.79799;6.20519
VE-007;OBERSTEN BUSCH;Vallee de l'Ernz (G);49.80672;6.22803
VE-008;OLSTER;Vallee de l'Ernz (G);49.82337;6.25075
VE-009;SCHMALEN WALD;Vallee de l'Ernz (G);49.81099;6.23667
VE-010;BEIM MOSERHOF;Folkendange;49.85009;6.2062
VE-011;GAERDERHAIDE;Vallee de l'Ernz (G);49.83368;6.23217
VE-012;IN DER TRAET;Vallee de l'Ernz (G);49.82635;6.22599
VE-013;IN DER SPITZLEY;Luxembourg Land;49.84567;6.26189
VE-014;AUF ZERENFELD;Eppeldorf;49.83399;6.24916
VE-015;IN DEN LANGEN WIESEN;Medernach;49.80882;6.20194
VE-016;HINTER DER STROOS;Vallee de l'Ernz (G);49.84332;6.23437
VE-017;ESSELBOUR;Vallee de l'Ernz (G);49.82849;6.25216
VE-018;IM KITZEBOUR;Medernach;49.79345;6.23955
VE-019;UNTEN IN OILTGERT;Stegen;49.83443;6.16672
VE-020;IM EICHELS;Stegen;49.83591;6.17151
VE-021;SCHAARGRUENDCHEN;Vallee de l'Ernz (G);49.84081;6.22156
VE-022;AUF BUNTERHOECHT;Ermsdorf;49.83591;6.21552
VE-023;WAEHSSERT;Ermsdorf;49.82821;6.20751
VE-024;IN WALDBUSCH;Medernach;49.80259;6.20928
VE-025;IN DER DIEFFENBACH;Vallee de l'Ernz (G);49.82289;6.21668
VE-026;SEITERT;Vallee de l'Ernz (G);49.81983;6.20736
VE-027;SEITERT;Vallee de l'Ernz (G);49.82439;6.21173
VE-028;SEITERT;Vallee de l'Ernz (G);49.82054;6.19502
VE-029;SEITERT;Vallee de l'Ernz (G);49.81777;6.19936
VE-030;AUF DER LOCK;Medernach;49.80655;6.19288
VE-031;VOR LANGERT;Medernach;49.80586;6.20608
VE-032;Kengert;Luxembourg Land;49.80126;6.20697
VE-033;Kengert;Luxembourg Land;49.79711;6.21192
VE-034;IN DER HASEN WIESE;Luxembourg Land;49.80322;6.21972
VE-035;AUF FOMELESCHT;Medernach;49.79713;6.22634
VE-036;IN WATSCHENT;Medernach;49.80074;6.22814
VE-037;SCHMALEN WALD;Medernach;49.80905;6.22847
VE-038;IN DEN THEILEN;Medernach;49.80148;6.23536
VE-039;OBERSTEN BUSCH;Medernach;49.80617;6.21813
VE-040;AUF PLOISCHET;Luxembourg Land;49.85161;6.25626
VE-041;WELCHENBUESCH;Vallee de l'Ernz (G);49.82657;6.23721
VE-042;OBEN IM GRUND;Eppeldorf;49.83355;6.23834
VE-043;ESSELBOUR BEI ELTESCHMOOR;Beaufort;49.841;6.26574
VE-044;IM HASSELBERG;Luxembourg Land;49.84225;6.1644
VE-045;Biewert;Luxembourg Land;49.83224;6.1492
VE-046;WINSHECK;Stegen;49.82279;6.16431
VE-047;BEI DER SEITERT;Stegen;49.82331;6.1801
VE-048;TODENTHAL;Vallee de l'Ernz (G);49.82638;6.19199
VE-049;AUF HIERCHENBACH;Luxembourg Land;49.8315;6.19078
VE-050;WEIMELESCHTERKNAPP;Vallee de l'Ernz (G);49.81936;6.22724
WA-001;Auf dem kleinen Busch;Buschrodt;49.81876;5.94491
WA-002;Untersten Grund;Wahl;49.82283;5.94572
WA-003;Birkenkoepchen;Buschrodt;49.82797;5.93742
WA-004;Massebuesch;Buschrodt;49.83193;5.92777
WA-005;Birkenknoepchen;Buschrodt;49.83542;5.93163
WA-006;Froen;Grosbous-Wahl (G);49.84011;5.9303
WA-007;Hohbusch;Wahl;49.83677;5.91645
WA-008;Gemeinebusch;Wahl;49.82616;5.91025
WA-009;Gemeinebusch;Wahl;49.82311;5.90722
WA-010;Gemeinebusch;Wahl;49.82913;5.90616
WA-011;Gewann;Wahl;49.83222;5.89445
WA-012;In der Birk;Wahl;49.83076;5.88719
WA-013;Vogelsang;Wahl;49.83778;5.88815
WA-014;Oschpelt;Wahl;49.84159;5.88896
WA-015;In der Gewann;Grevels (Wahl);49.84896;5.90471
WA-016;Altenwald;Heispelt;49.85056;5.87831
WA-017;Auf Hasselt;Heispelt;49.85806;5.88754
WA-018;Uotschenbour;Kuborn;49.86365;5.8971
WA-019;Huehnerschnaepchen;Kuborn;49.86662;5.91506
WA-020;In Rohmescht;Kuborn;49.86855;5.8938
WA-021;Auf dem Han;Kuborn;49.87346;5.90809
WA-022;Auf den Buescher;Kuborn;49.88285;5.89914
WF-001;Faulsang;Helmsange;49.6654;6.1458
WF-002;Bei Ginterhals;Luxembourg Land;49.6634;6.1582
WF-003;Gruenenwald;Niederanven (G);49.6618;6.1648
WF-004;Auf der Heidchen;Walferdange (G);49.6659;6.1508
WF-005;Beim Bour;Walferdange (G);49.6616;6.1471
WF-006;In der Bruechel;Walferdange (G);49.6593;6.1478
WF-007;Im Obersten Grund;Walferdange;49.6542;6.1432
WF-008;Auf Walferberg;Luxembourg Land;49.6555;6.1559
WF-009;In den Geizen;Bereldange;49.6557;6.1137
WF-010;Beim Bour;Bereldange;49.6532;6.1091
WF-011;Beim Bour;Luxembourg Land;49.65015;6.11212
WF-012;Im Hunnenberg;Bereldange;49.6554;6.1033
WF-013;Im Grund;Luxembourg Land;49.6497;6.1037
WI-001;;Wiltz;49.94927;5.88847
WI-002;;Wiltz;49.95093;5.89331
WI-003;;Wiltz;49.95547;5.88932
WI-004;;Roullingen;49.94271;5.91788
WI-005;;Roullingen;49.94225;5.92805
WI-006;;Luxembourg Land;49.94277;5.95087
WI-007;;Wiltz;49.95538;5.94415
WI-008;;Wiltz;49.95912;5.94242
WI-009;;Lameschmillen (Wiltz);49.96438;5.90565
WI-010;;Niederwiltz;49.97548;5.92695
WI-011;;Niederwiltz;49.97552;5.92899
WI-012;;Niederwiltz;49.97913;5.92523
WI-013;;Weidingen (Wiltz);49.97808;5.93441
WI-014;;Niederwiltz;49.98293;5.92737
WI-015;;Tutschemillen;49.96544;5.95341
WI-016;;Erpeldange (Eschweiler);49.96982;5.94613
WI-017;;Erpeldange (Eschweiler);49.9677;5.96057
WI-018;;Erpeldange (Eschweiler);49.97368;5.9539
WI-019;;Eschweiler-Halte;49.98196;5.96496
WI-020;;Eschweiler-Halte;49.98316;5.96877
WI-021;;Erpeldange (Eschweiler);49.98325;5.95107
WI-022;;Eschweiler (Wiltz);49.99287;5.92639
WI-023;;Eschweiler (Wiltz);49.99593;5.93609
WI-024;;Knaphoscheid;50.00574;5.95997
WI-025;;Eschweiler (Wiltz);50.01094;5.93088
WI-026;;Selscheid;50.02003;5.93774
WI-027;;Selscheid;50.01713;5.9525
WI-028;;Knaphoscheid;50.01598;5.97673
WO-001;D ckeb sch;Luxembourg Land;49.6472;6.4275
WO-002;Scheed;Niederdonven;49.6383;6.421
WO-003;Palmberg;Ahn;49.631;6.4172
WO-004;Donwerbaach;Luxembourg Land;49.6283;6.4126
WO-005;Bitschelt;Niederdonven;49.6296;6.393
WO-006;Gouscht ngerb sch;Dreiborn;49.6204;6.3856
WO-007;Gouscht ngerb sch;Gostingen;49.6224;6.3755
WO-008;Gouscht ngerb sch;Gostingen;49.6271;6.3704
WO-009;Gouscht ngerb sch;Dreiborn;49.6277;6.379
WO-010;Weierb sch;Luxembourg Land;49.6322;6.3721
WO-011;B tingerb sch;Kapenaker;49.635;6.3674
WO-012;Weierb sch;Niederdonven;49.6363;6.3781
WO-013;Nidderdonwener B sch;Niederdonven;49.636;6.381
WO-014;Nidderdonwener B sch;Niederdonven;49.6377;6.39
WO-015;Nidderdonwener B sch;Niederdonven;49.6394;6.3884
WO-016;Weierb sch;Niederdonven;49.6393;6.3771
WO-017;Kr izb sch;Kapenaker;49.643;6.3709
WO-018;Kr izb sch;Kapenaker;49.6453;6.3641
WO-019;Kr izb sch;Kapenaker;49.6473;6.3603
WO-020;Kr izb sch;Kapenaker;49.6426;6.3568
WO-021;Kiircheb sch;Kapenaker;49.6374;6.3503
WO-022;Kallekb sch;Beyren;49.6374;6.3503
WO-023;Kallekb sch;Beyren;49.6351;6.3394
WO-024;Kazeb sch;Beyren;49.63765;6.31152
WO-025;Kazeb sch;Beyren;49.6361;6.3162
WO-026;Kazeb sch;Beyren;49.6337;6.3102
WO-027;Kazeb sch;Beyren;49.6309;6.3127
WO-028;R ib sch;Canach;49.6309;6.3127
WO-029;R ib sch;Canach;49.6109;6.2902
WS-001;Barambois;Sonlez;49.95872;5.81832
WS-002;L'eau de vie;Sonlez;49.95751;5.83045
WS-003;Halambois;Tarchamps;49.95241;5.81687
WS-004;Belcherot;Sonlez;49.95328;5.84223
WS-005;Devant le Mont;Luxembourg Land;49.9623;5.81118
WS-006;Foi de Sonlez;Luxembourg Land;49.97057;5.81533
WS-007;au dessus du Brill;Luxembourg Land;49.97084;5.82054
WS-008;Dessus Sonlez;Winseler (G);49.96865;5.82595
WS-009;Derri re le bois de Fief;Sonlez;49.97486;5.82927
WS-010;Climbois;Sonlez;49.96303;5.82918
WS-011;Gestrot;Doncols;49.97029;5.84745
WS-012;Devant Pou;Doncols;49.96564;5.84275
WS-013;Sus Bouhou;Doncols;49.96805;5.85056
WS-014;Hombernet;Pommerloch;49.96568;5.85316
WS-015;Welterschock;Berle;49.95912;5.84715
WS-016;Bamels;Luxembourg Land;49.95383;5.86451
WS-017;Espert;Berle;49.94692;5.83697
WS-018;Auf der Schleid;Berle;49.94866;5.86619
WS-019;Bei den Eichen;Berle;49.94218;5.84771
WS-020;Bremischt;Schumannseck;49.94207;5.86177
WT-001;Auf dem M hlenteich;Weiler-la-Tour;49.53395;6.2005
WT-002;Seitert;Weiler-la-Tour;49.53454;6.21297
WT-003;Seitert;Weiler-la-Tour;49.53818;6.21433
WT-004;Seitert;Weiler-la-Tour;49.54083;6.21399
WT-005;Seitert;Weiler-la-Tour;49.54328;6.20969
WT-006;Motzenaker;Weiler-la-Tour;49.56686;6.22727
WT-007;W isselt;Weiler-la-Tour;49.56403;6.20489
WT-008;W isselt;Weiler-la-Tour;49.55929;6.19854
WT-009;Loukn ppel;Weiler-la-Tour;49.55452;6.20111
WT-010;Haasselerb sch;Weiler-la-Tour;49.55663;6.19373
WT-011;Haasselerb sch;Weiler-la-Tour;49.5579;6.18238
WT-012;Jongholz;Weiler-la-Tour;49.55298;6.18896
WT-013;Birescht;Weiler-la-Tour;49.54553;6.18229
WT-014;Heed;Weiler-la-Tour;49.52584;6.17277
WT-015;H nneschteb sch;Weiler-la-Tour;49.52311;6.16606
WWP-001;Spielplatz;Weiswampach;50.13855;6.06345
WWP-002;Tretboote;Weiswampach;50.13735;6.06731
WWP-003;WC / Schleuse;Weiswampach;50.13786;6.07129
WWP-004;Parking Rock am See;Weiswampach;50.13598;6.0711
WWP-005;Festzelt / Reitplatz;Weiswampach;50.13894;6.07153
WWP-006;Liegewiese;Weiswampach;50.13882;6.0676
WWP-007;Lindenallee 1;Weiswampach;50.14074;6.06425
WWP-008;Lindenallee 2;Weiswampach;50.1429;6.0616
WWP-009;Conzefenn Insektenhotel;Weiswampach;50.14251;6.05704
WWP-010;See Fischerei;Weiswampach;50.13942;6.05904
